link,location,title
https://www.indeed.com/pagead/clk?mo=r&ad=-6NYlbfkN0CT3CvW9jZj7eVRqw-aLZvepit1qJUliowo0WK9ViCnEMQVGpbMh16TpuDVy4CtehZpGNGNP2tCCMgxhtWx28tbvBDfL6KMVQ5Xc1137shTKVo75OtOOH-IhndXPS5wzlvm8pigZCAEKKr0qgw5j-lsRRaFhyJ_vE7NJfKcZmrioRCtS1ABLQxHh3UaJ3nCqGm9HBWDa6ch0VpHIH2zv99CAMmVbk_wJUCkgW6GlwKi5Fl7HE9BVBEfAac_zbel4L7qybJxnquUWcTnTRlbJv2L5F8t8PwTk_clv6a7OlhCQiVN9opV39mKmmN1BjY8LFdw5qq9ROetH_iDF2jPfvhwSMCwTZWl6_5CQw43qMSVUgYuZoSVGKoXge0-tWsStXga-yNerAtjno2Uxu3hjbCqFK-5-HOFbrWatNVbdx9Dog==&vjs=3&p=1&sk=&fvj=1,"Alpharetta, GA",Director of IT Operations
https://www.indeed.com/pagead/clk?mo=r&ad=-6NYlbfkN0ADl057su13jJlJXGo41FprJw_zufz416IMtB6mRuo3gHHiaa2mZ_8lWfqZR9zOsNoqqhjDI_GcFPwmPbFgvC56B-wBmYcljBXKhaXjjsmzPkyXerRgKmA3bkHj6sWw1hAIxG3dXlBMYjTNmPG5bhCMLxmwyks8ElfjQHkY_w-aCHxVeYeC3RoZd9OUUUmBjqzz_RY-utfP44zqPZjKz3a8_20YBSgzJ9ZslWrxOSyhsQQMP2ssECLlmzNFdBoo9II8OZxmHFAWPUu1R2a_er2fWTJB6eo8EekFxl27JOLo8r5l_PNvEc9jS3KZYSsQkC9vFGrhhORA_cSMEO4aghYTSO3VGkVMfW4tMLBf8-SYCakUo1kyPYqrO-7zMj-fTuvYp0weyGnhzgsiSmUl09dICyTQiOf-O9woZIA54WUBUQ==&vjs=3&p=2&sk=&fvj=1,"Springfield, IL",Information Technology Technical Associate
https://www.indeed.com/pagead/clk?mo=r&ad=-6NYlbfkN0ApFKr36SAJO9kKeJzt83ArYjFcHI14laxyMxygq0V814XeyCbA2UZ4vMfGBW8v9xibONcBboGuJpSxh160dxltit5XEG20YfSdVD4NmpcMqnbsMOZ-YJEgybfTQeoC2I8a4ngpBwasrPiwiMH2Uq_U_PeormMW5RLyafiKv2jmbUguaUFtVShqE1j8uPcy8ncuU_MnYKOVa6MieAXDpj_EFNSSBjpQLFefkTKzAPptmmDm1GecPDs9n-P4qYO8D9SCoTmNAiGOVloOhCNBapgrp1EiNWRjscdv_uttvt9iA5vnuV3KGzvvaSXJ9sJ15wpOqXmdE7Fq9lNlXrkOXRaACRUWqhmhNVdPwAPmABvOwwmjETd5LnemzKT0C9IUNKgQtfgMHZsLV4xMwm7JOtAjCfa2u9nI2HdxNtRu2zqG_g==&vjs=3&p=3&sk=&fvj=1,"Whitewater, WI",IT Help Desk Technician
https://www.indeed.com/pagead/clk?mo=r&ad=-6NYlbfkN0B896LBw1oz6gj5vW3BQ4b_SxaQldA9eOeasEkE4DKWN6xIUICjj23UPytterw4fPw4TpN1En1b3-sWAyhTkZzG6l0Zi5JB3Ye3Uj0RvxTjKIxL8MRwqBoAkcOI25TKLW_Izwx843VHjlMe8I3ZyYWNgbFEJUOqmp4FkwvUOnme9vERN1PJD4Eme1XqQpiLjFH6HblZ5HOJw5McpjZnErEwx6RcisAakZwmW3ZMwAPIkcZ6Mj9kGGTTEJZQ1saROSyixnz1H09xJuuzj7nfSJEFd-EMCl7Phbb_eLSCs9kRhJOEcsnvu6rEFmw-pebIaYkSc3466e3tJpZobA-W1-QqoWMHO3zRqKlwkaGdF6xvj_bojYkbU8dR57gcjDlTu9f4mRbJ45xilTNui-9HTJvJBW8ClU6U8GiMwm6X4afGAg==&vjs=3&p=4&sk=&fvj=1,"Mishawaka, IN",Senior Network Engineer | IT Manager
https://www.indeed.com/pagead/clk?mo=r&ad=-6NYlbfkN0CwPSYXNMU6WDmbw3ofmNAheiH2f4NfZRo7hF9EeKnhP4pxyu8ZF9EVdmBKCc2t6ktbkJI4GdSFOSt6MR_IigBtkwf_TFQJtLUVjWJZl5c_96gd1Tdhie6PCQP7ikmZ0KSf2SLKEGk00lh3oTTktm00eHIUgFIwAsMeq4HVxAFY2Kxe1ziwiL6_34_AP57I7olBcLA-jlS7wK8t2JspkiQD7DKX4tpWW3JcCDrfw1DJg4gceOFpjSWjnIAzn_YryNIYmQQmsAl2kdE7PIcKm0Anbih7uQsgbpMLifvj-xrbt_LHF4zu_8MN8fU7tRsVOgEoOCnEdqzivZ_z9dVndD5I6fAQqlfBYEtI3i4g4RMgnFt69c4ASOxaO1gf9BktGy-_L4Rk5l4F0Es50rVkMSJVNEzJeuP2tSBDzhBh-zPjDA==&vjs=3&p=5&sk=&fvj=1,"Montgomery, AL",IT Help Desk Technician
https://www.indeed.com/pagead/clk?mo=r&ad=-6NYlbfkN0CVyrilfLrIJqA6wD3cIFYRenQu0sJ-lZiH_Kk0mUaLgbDoUBPUM_wkTH57__Bhxw1mMo-fUyMaMT1LMQ4-qPE24-dSvRSJ6fwZolPErOM4JzxzSBM1cKTgs0EskaeJLm1T7oCVoOm8NS6MltVxj_XcfwPcujfJNLcJEB78R_CKRGv9VQsNvkC0oSA4B8dOrTJTnBjXwRChLXLKHb9EhZ13SBj6QCXm1lUMuBLfv8A-AtI2JKpV_s9n-1SYX2ZkmHXP9awHncx-w1wsrY1VZBRmAovD0hV4sCKlghJJhs9ugfy4ddQ-oIB1BHn-WtVVlfnScFISBHs2ZIgBYx04cZM48GW29UBBIjvlJhJ7pucioyMCc-J5K00eaoPgLd5mRDrROxTmMWYZDvW87SMpGDfY9XzNYWlB8YY=&vjs=3&p=1&sk=&fvj=1,"Chicago, IL",Entry Level Computer Technician Apprentice
https://www.indeed.com/pagead/clk?mo=r&ad=-6NYlbfkN0CT3CvW9jZj7eVRqw-aLZvepit1qJUliowo0WK9ViCnEMQVGpbMh16TpuDVy4CtehZpGNGNP2tCCMgxhtWx28tbvBDfL6KMVQ5Xc1137shTKVo75OtOOH-IhndXPS5wzlvm8pigZCAEKKr0qgw5j-lsRRaFhyJ_vE7m0Xmspg055HLc40Qv5VENOQi3tP7FgMmKrs-Y9pzYtUHQPAMX8Kzrfs1LFUHHzfarjiy1ZEK44NoeiZENhfB41K7S-N5noHb92GpyCP8OEldL2vkSK659CR5XanK0T9I5k1ma0NjS0rrLmDKp49xXvERd6CrFt3B60AC8H3cwYg0kVFg8EAawFtJRvlotL2yx5U-HXgkWWm1dwsWDsoHetfbGjYUEXuBiqrcTDEE-N2M_zW6pZVKW_6hzDL_OAwqvwPQKQuVkGg==&vjs=3&p=2&sk=&fvj=1,"Alpharetta, GA",Director of IT Operations
https://www.indeed.com/pagead/clk?mo=r&ad=-6NYlbfkN0Bt3iLqRxbaYE4yKAyGcnFg-oacJOgdvxfzvmaxBHlUSBnx2ij8fm2JBUxKpZIXAqJJfVCwZ_jQ8hf8fiwzbaBXwv2b0CXho_ROu2bl4qdy-b7SDACI36XjNh6Yjmn-AnzAR4fGH8qzDRBQh1NVm2uXayd0ighiun6WNrqfrm9LzyQDstoACmBzRnZZrsMgxnhiuhAJBBSK2CYU0ab66tVuh_sGJMD08608CgBFQ2pTky2CDrGHMfDDsuomSOlKzgiVA98_mhIFop6DiFbL9CfxPFnHnlTONO5SGZ1u7jKB4bS9-8s2p_7VqM9W2rpVa_u331IAKUGj96ZTes6C6HKbAaCoCgtsB7YwVqBNJJyK2v0cd7jUyct9W7D36JpPG7tKVT-NsCrcPBCizlzh5SJUidoTk8sw3qKZwxbGirbjyw==&vjs=3&p=3&sk=&fvj=1,"Helena, MT",Advanced IT Engineer
https://www.indeed.com/pagead/clk?mo=r&ad=-6NYlbfkN0CwPSYXNMU6WDmbw3ofmNAheiH2f4NfZRo7hF9EeKnhP4pxyu8ZF9EVdmBKCc2t6ktbkJI4GdSFOSt6MR_IigBtkwf_TFQJtLUVjWJZl5c_96gd1Tdhie6PCQP7ikmZ0KSf2SLKEGk00lh3oTTktm00eHIUgFIwAsPWbnnpqwi6zIL92KiPRz_T1lbVLl7jtQY7h9TxTTkeP3Erb_z6DIhFpUo-VFzakRHLe8cd6v6PVsHlIrFUAXCrpMZ95FNQ-IWHDXX4PX4qwdvunwg_FGobVifq1boy7UokbJ68NIixZIRDhX0TT_T8_3eVghMyRvMoPYMN5nyHcMrQrnHMp13adlx-mIHs-O42rEz46jkfDkJxYSgJipm4mnJkDFn3Mb_QrMFtCK0JXfLfuLbkUVWn3Wyjqw-L1-a0vL5VgUiRLw==&vjs=3&p=4&sk=&fvj=1,"Montgomery, AL",IT Help Desk Technician
https://www.indeed.com/pagead/clk?mo=r&ad=-6NYlbfkN0B896LBw1oz6gj5vW3BQ4b_SxaQldA9eOeasEkE4DKWN6xIUICjj23UPytterw4fPw4TpN1En1b3-sWAyhTkZzG6l0Zi5JB3Ye3Uj0RvxTjKIxL8MRwqBoAkcOI25TKLW_Izwx843VHjlMe8I3ZyYWNgbFEJUOqmp5N85zTh6iA0oFD-zSxjVJJFTjfUmDN0GB6_arip-s5uWeFSdTUk-MvpGT0A3ZThtD2UmJXcZnBwk_1G238cidfYHvBkO9MjrhNwgONT3aGgYyh8EkK_kuvV8erDOCh5MtrSiryeIjlNikuFkRiSZWzi6viG-mrEtoRmGkB_x4FF34uR1Uu6diokmiCiim3OKzdC0B70JCArmqVPt7c2MQlpNLT972-xn0TZL4knwcLgNMdzm6SdTas-u-VHoHBLJ-1sW-qRO9vLQ==&vjs=3&p=5&sk=&fvj=1,"Mishawaka, IN",Senior Network Engineer | IT Manager
https://www.indeed.com/pagead/clk?mo=r&ad=-6NYlbfkN0B896LBw1oz6gj5vW3BQ4b_SxaQldA9eOeasEkE4DKWN6xIUICjj23UPytterw4fPw4TpN1En1b3-sWAyhTkZzG6l0Zi5JB3Ye3Uj0RvxTjKIxL8MRwqBoAkcOI25TKLW_Izwx843VHjlMe8I3ZyYWNgbFEJUOqmp7ZB8REapSyF_lgKoZqwguENOkLWrl6JBOwgNlLMZYueGxj9q1f-hUpel2wiFAGIzCN-sLw0djyrtDUXLYMsQNLJ2NyVSOWJSj8-3Y3V5uMNL72nfYjLZWAi2agUvPxpMI7b-9Je4t99wX7PudL8GNXjC3Q7Xp-70zQCG6Hm5RzY5EafqxPsGCkfyKYAvZJ-gFHEVLc2wnlz3UIl2jcSOSjwRRgyhNpALpya_GVDk3Xx_QRkbzUxTGXZ07fmJx0fGt_eeps1MNGDA==&vjs=3&p=1&sk=&fvj=1,"Mishawaka, IN",Senior Network Engineer | IT Manager
https://www.indeed.com/pagead/clk?mo=r&ad=-6NYlbfkN0CT3CvW9jZj7eVRqw-aLZvepit1qJUliowo0WK9ViCnEMQVGpbMh16TpuDVy4CtehZpGNGNP2tCCMgxhtWx28tbvBDfL6KMVQ5Xc1137shTKVo75OtOOH-IhndXPS5wzlvm8pigZCAEKKr0qgw5j-lsRRaFhyJ_vE7egLIR2GmOzO9mTEY5YDJj5bTts_ZEljNyiuzoKTOz15OWgZvNpygEIoQG_s26At8cf6mDId3EO__pALEqU1XwCph998YiHdV3VeKku13a058EuHQqtTJdIqktSa3QDKoQd6RioenObWV9tduClTo-Jy6acT3Au_2GEKPoAd63ENpr4kq8KfWxwfyOyMRjpd2HjGTHd57cBDiAyeUYGT1-MTwmzjUgd2OL0SRZRw7LWHCj2NFBQGN2hmR-zOT6fgBR1sqGdwXetw==&vjs=3&p=2&sk=&fvj=1,"Alpharetta, GA",Director of IT Operations
https://www.indeed.com/pagead/clk?mo=r&ad=-6NYlbfkN0CwPSYXNMU6WDmbw3ofmNAheiH2f4NfZRo7hF9EeKnhP4pxyu8ZF9EVdmBKCc2t6ktbkJI4GdSFOSt6MR_IigBtkwf_TFQJtLUVjWJZl5c_96gd1Tdhie6PCQP7ikmZ0KSf2SLKEGk00lh3oTTktm00eHIUgFIwAsOZkHkXJAq5k-_eZrzi724KJNQ85KWodmVwK6FPTEDtgANdxVrtqKYgaCoCt5BNpvKYiAfxhR7h_MOEqwnaabBLDUJAWWL8UkjHk1SdzuZB0rHAH6Foc7TqZnSJyP0f2Lej9B8_ki-bnTNU2aejPT_769w2ZGr3A1RLOstUU5urBilOOvXlForfCZzZ4hiEiHmB0p4AeuufS8LyZtSbdvderNnGIPl8w1SeLIlJEW04WmF2usXqQc2k0xkJfco2_XC638PwkQtPjA==&vjs=3&p=3&sk=&fvj=1,"Montgomery, AL",IT Help Desk Technician
https://www.indeed.com/pagead/clk?mo=r&ad=-6NYlbfkN0CVyrilfLrIJqA6wD3cIFYRenQu0sJ-lZiH_Kk0mUaLgbDoUBPUM_wkTH57__Bhxw1mMo-fUyMaMT1LMQ4-qPE24-dSvRSJ6fwZolPErOM4JzxzSBM1cKTgs0EskaeJLm1T7oCVoOm8NS6MltVxj_XcfwPcujfJNLfKXP8qsuI0nc1Dw6f-JpJe17XixbmqM-1H92S028HEApAq7vIz6wsYnSnn8bP2z9-lZiL1rimGyA9q_VYOfJlCMoztaDhmM5buYxZIEGyOwb_hCQ7s6od4g0j6aIlojRuRUjKmNcUZK_IVWh0pmWHdST5uxC3o1m9YlQ3Fee8AY27SIKmtVEIU7iP4T5HDu2OOSzn3V93HS30QkdS5q2tIrIIJUHKv3VXxZ57xrgzIMZMVKmapa2xcwVcWFFJiM3M=&vjs=3&p=4&sk=&fvj=1,"Chicago, IL",Entry Level Computer Technician Apprentice
https://www.indeed.com/pagead/clk?mo=r&ad=-6NYlbfkN0Bt3iLqRxbaYE4yKAyGcnFg-oacJOgdvxfzvmaxBHlUSBnx2ij8fm2JBUxKpZIXAqJJfVCwZ_jQ8hf8fiwzbaBXwv2b0CXho_ROu2bl4qdy-b7SDACI36XjNh6Yjmn-AnzAR4fGH8qzDRBQh1NVm2uXayd0ighiun4B9FRTxE06-kmfAMkK-SCwzESUMVRGKR39NoUjCRbLjdju4Ev8x0DsI1wghC-hTFRjOj45aq9wL1gpNHe-JN8253Wsa3SDUWEf91iNGHyhWCMN9xQco7y9BFCo00J8poaGyEYvqbIWZLOeBzLGQhfdMEfR2ER_J95G5DI9kj6kY_vvfS2NEQZxWSynkL4DBAZuflZEHmWfjiVqwOTLc3JaQn6XkYMEpRYE585ryMwUha2Ej_RE5IsK2oiBVryz6yhfijWI3hyooA==&vjs=3&p=5&sk=&fvj=1,"Helena, MT",Advanced IT Engineer
https://www.indeed.com/pagead/clk?mo=r&ad=-6NYlbfkN0CVyrilfLrIJqA6wD3cIFYRenQu0sJ-lZiH_Kk0mUaLgbDoUBPUM_wkTH57__Bhxw1mMo-fUyMaMT1LMQ4-qPE24-dSvRSJ6fwZolPErOM4JzxzSBM1cKTgs0EskaeJLm1T7oCVoOm8NS6MltVxj_XcIhLmPyYnxUGEv1GDjTfmK1JHbXJYv3zoYqAWO7FUJNktWbCF-MtJtfm96KbDeejYOWQpWW1dEAS8yTD0O9wSFwVmqI_07OlqNIXhLPENxwuLs_iJRxMKUcVLtTM6P482pbatI6YAcoFZneGgziAM5ypZu02Cu05mr4AMIl7dHuasW6_eo7uZ6BKFgLhyqi1mGE4HMf0mcbWriZMx92cVrhlQKFyVMGeH0k5LbYEDMjHCoXdVDLqCIpyXbbYCRJWw_n2OhXaTFwQ=&vjs=3&p=1&sk=&fvj=1,"Chicago, IL",Entry Level Computer Technician Apprentice
https://www.indeed.com/pagead/clk?mo=r&ad=-6NYlbfkN0CT3CvW9jZj7eVRqw-aLZvepit1qJUliowo0WK9ViCnEMQVGpbMh16TpuDVy4CtehZpGNGNP2tCCMgxhtWx28tbvBDfL6KMVQ5Xc1137shTKVo75OtOOH-IhndXPS5wzlvm8pigZCAEKKr0qgw5j-lsRRaFhyJ_vE5xjjxjw4Q_sMo05bW7ccXzZxAlgzoXvP8QfHjANyHiDRAgmJmCvGEBQzH-CPj2QiJw_CqrnebbeYxd93Mqh9EjyALvJHsu9jwrvGfybzPh8St51Nt8hqv1nmkMKfbEAM0jZDB2hJAuyN6WYLNdEI7TYcrr1zj5T5vr7ThAhMwsztpnA9Rxa4EzEnCBL3BSRcLHb4OWXa7FvuxRj1pQLJe0U41vHyJT4DYWfTQL1dXlpZkKnTbzE3a13CWEPHrovKMi7VqhZFY_ww==&vjs=3&p=2&sk=&fvj=1,"Alpharetta, GA",Director of IT Operations
https://www.indeed.com/pagead/clk?mo=r&ad=-6NYlbfkN0Bt3iLqRxbaYE4yKAyGcnFg-oacJOgdvxfzvmaxBHlUSBnx2ij8fm2JBUxKpZIXAqJJfVCwZ_jQ8hf8fiwzbaBXwv2b0CXho_ROu2bl4qdy-b7SDACI36XjNh6Yjmn-AnzAR4fGH8qzDRBQh1NVm2uXRqCT4l9JcLr54678okCz3SVDGkzOIjf4JRy7-_kMGc99r7fM7WLOW8C0gc9xfinYCUmFIaM832ZuYiMU8t404gm1fZjDiuDNk2r8ZnC0_uhGGqjNHmuk6cKn0TakRsfQWnMlOuQvuUgM5A1rO3xkh04QspPlCAKAie1X0UtQEAviA0eMFxSxrZTlu9e7GrFbE4F-JFrL3HNzIZW8yoIihYUABZtrMD8bsrDAqw6FxR3jSBrZ377gyL0vVfwaag6wgeoM1ZgsuIgcQi4IBkD5Dg==&vjs=3&p=3&sk=&fvj=1,"Helena, MT",Advanced IT Engineer
https://www.indeed.com/pagead/clk?mo=r&ad=-6NYlbfkN0CwPSYXNMU6WDmbw3ofmNAheiH2f4NfZRo7hF9EeKnhP4pxyu8ZF9EVdmBKCc2t6ktbkJI4GdSFOSt6MR_IigBtkwf_TFQJtLUVjWJZl5c_96gd1Tdhie6PCQP7ikmZ0KSf2SLKEGk00lh3oTTktm00cJGUt3qMsjUgzbfj1J9i215XXcp44Q7kMHUr0WK0YnFYezjbJ-QgSh2dKgv1vPMskz8hqK2avpUufk7WFBcB4P2rTwSoKROJuAFg-E-SbI8N6I5N5MlDcjsvJyvryWAqnsXz-mWTZXdgpRRIYFJqq16Ja4T8uuwpn6xJmMr40fgCArv70h-QDYyVk0Lx-8y4oA1VrZl_-EBGuixXDNZS6GPaXy4UtYhXPju7ac-nd7mzIRdK9GvmICuAfHNen3k0HC1NPav-McQwaVCbxXq9wA==&vjs=3&p=4&sk=&fvj=1,"Montgomery, AL",IT Help Desk Technician
https://www.indeed.com/pagead/clk?mo=r&ad=-6NYlbfkN0B896LBw1oz6gj5vW3BQ4b_SxaQldA9eOeasEkE4DKWN6xIUICjj23UPytterw4fPw4TpN1En1b3-sWAyhTkZzG6l0Zi5JB3Ye3Uj0RvxTjKIxL8MRwqBoAkcOI25TKLW_Izwx843VHjlMe8I3ZyYWNgbFEJUOqmp7gH9SBt7ZP4pj2hmrY8txn6zM3MXj0brwWeSrfqPNOuOh4_s_hg_FCwk9XzRL8s1Hi4MN3Fef1IRnjU4_UU0KlLtviitUBu1Fcqz0LhTOpupdpZal1GHGyVDaiDBgxrDpC0a2jVB_J4ZGHW1yFvSRx4VtRKRrm017gyGkI_lLMKoircnYWuQe1eK038SNxbRgHm6vJDup6J9nEKpAAu3_TqRqqBQVXfq44z_kskuHm7lIZtJWi6TmEUSgRG8N85F-yw4z1nSEAKg==&vjs=3&p=5&sk=&fvj=1,"Mishawaka, IN",Senior Network Engineer | IT Manager
https://www.indeed.com/pagead/clk?mo=r&ad=-6NYlbfkN0B896LBw1oz6gj5vW3BQ4b_SxaQldA9eOeasEkE4DKWN6xIUICjj23UPytterw4fPw4TpN1En1b3-sWAyhTkZzG6l0Zi5JB3Ye3Uj0RvxTjKIxL8MRwqBoAkcOI25TKLW_Izwx843VHjlMe8I3ZyYWNgbFEJUOqmp7DcGRFRm_5j1XFDOZrvdJP-yApaRJE1LaqoZoQaA35jwLVTotC6NJLu7nby2MPmS2hESZY4LrpIKbexzjKKkWdJPeLiGcv9fGzE7ZPi8TPIkbo_CHlSU0Kgd6hp5SwAWLePhupDhKYsaHIMX-ZAWsvB_wHljfoRGGJfqZ2GDbUSpPPSQvleOR8k6j6XYPUTerLBK3_xFswmOUIJCs9qxrCq43k2q6fNgTcVogC8u3a5yM8YS5N63rURLss3G3vNu7nB4Q8KPGJwg==&vjs=3&p=1&sk=&fvj=1,"Mishawaka, IN",Senior Network Engineer | IT Manager
https://www.indeed.com/pagead/clk?mo=r&ad=-6NYlbfkN0CT3CvW9jZj7eVRqw-aLZvepit1qJUliowo0WK9ViCnEMQVGpbMh16TpuDVy4CtehZpGNGNP2tCCMgxhtWx28tbvBDfL6KMVQ5Xc1137shTKVo75OtOOH-IhndXPS5wzlvm8pigZCAEKKr0qgw5j-lsRRaFhyJ_vE6UheYflfY8_I1yc0bpv3iffjEeYGesY_SC0IT3F4GBb3O_Pde9U_QT6R5llQ05hq9ciNGYw9my8BSk2e4bae4l-GT8rL8560hOV7FVJnQXLXkgHUuBnWKpxtHWpVx3FYS0Xoibh5czs1QPNwhAknjNYxnqK4QYvjezRebln_DWmESTPn83Mmtbvuym0czB7DX24PG2BezSniaLncLr5NQYpNazYGhrzp6gR92Pw2nHRyVEQQDHJvUwC2mdCmz46OuY0PV4J5-VCQ==&vjs=3&p=2&sk=&fvj=1,"Alpharetta, GA",Director of IT Operations
https://www.indeed.com/pagead/clk?mo=r&ad=-6NYlbfkN0ADl057su13jJlJXGo41FprJw_zufz416IMtB6mRuo3gHHiaa2mZ_8lWfqZR9zOsNoqqhjDI_GcFPwmPbFgvC56B-wBmYcljBXKhaXjjsmzPkyXerRgKmA3bkHj6sWw1hAIxG3dXlBMYjTNmPG5bhCMphjBdvkXV2eVlLHPvCQP7kPq-mUAXln8K0vhJBi-WvljDl_LZZUOF-whcNU4r-scEbxH3mhcNu0u0K0FStJ8AFWJT-QAAuUA4Mrbjsy_LIfO6auOz1q9QbXCE38t1KUHCIyalfOhMa_PqRrgpeP_qThs6sO4FzVOMbVKGHepfR5RuUKf8IjpYQ4G1iB50xYmtk3m0jb-QtxLeZM57lq5KfP01l3lH3tpEBjn1JA7f4-Vf5LHNKrHkHsyLrmLUBHW5y9lIpkcZLH_LYYTpD5ekg==&vjs=3&p=3&sk=&fvj=1,"Springfield, IL",Information Technology Technical Associate
https://www.indeed.com/pagead/clk?mo=r&ad=-6NYlbfkN0ApFKr36SAJO9kKeJzt83ArYjFcHI14laxyMxygq0V814XeyCbA2UZ4vMfGBW8v9xibONcBboGuJpSxh160dxltit5XEG20YfSdVD4NmpcMqnbsMOZ-YJEgybfTQeoC2I8a4ngpBwasrPiwiMH2Uq_U_PeormMW5RL9zG7LaQ_yDOS2dumcmaOWRSUsFWAbcki0gdT52p3zcLwpGv5jQAwWPSqMPiKJMs1Pxg5Htp_QByOkBe3XbMlYsBw9wnJp1ODmHH83hUAcA_A2LNo34GURHWVRzpIg1KaR7Mr5QaKRi3m0YKpvkW689ZnRzmXMPaSsuG90rQvORGirf7qbqXRts5IjZrBtuFymNtNIxfNxhbejG8dVIQO-wOzdnDzbgoXFo--58_z-iRJfvW-pFvWHLnvfitGEItQC8yFzhKh8ew==&vjs=3&p=4&sk=&fvj=1,"Whitewater, WI",IT Help Desk Technician
https://www.indeed.com/pagead/clk?mo=r&ad=-6NYlbfkN0CwPSYXNMU6WDmbw3ofmNAheiH2f4NfZRo7hF9EeKnhP4pxyu8ZF9EVdmBKCc2t6ktbkJI4GdSFOSt6MR_IigBtkwf_TFQJtLUVjWJZl5c_96gd1Tdhie6PCQP7ikmZ0KSf2SLKEGk00lh3oTTktm00cJGUt3qMsjXjnwqG951PvBYkZy39zt6Mlwim1hlUI5ThbjBm_0WpfrEuA_YGoixGylgmUN2r54ys7qAaR3ZRa-BIL0nxKj8p04qYczXZr7bF8QNohE8K8OYvQVEE1rhqrp6g3Zh6PfyXrN84ftFrSAz_waojgxyPiZXNRm_8vvVv9mScavFd8SX7cNr5UTQ4Zt4YgFp0rCLCdxKXhqycrBGfXbfKD8f1tae-CnqOxf_NMYMZEIsKwLjVaoEoGWAX-cK_PFHsvuN9VecZWaPC6w==&vjs=3&p=5&sk=&fvj=1,"Montgomery, AL",IT Help Desk Technician
https://www.indeed.com/pagead/clk?mo=r&ad=-6NYlbfkN0Blw_bJC8gQZLyXssxlTEaSJGUCJXvdeZMNWkYiuc2ToSFRESagQNsHzjsu1y0XwYbuRVtMpThX1P8jzhn7l-8PVURCud6BaMOQWDbVg6RDAGIMEZVxEgWVrYLKb-V2PB9NYkU8HDBynbmjPzyeiAIIpTuGxJoYdxaNCNmuwqHxlO3wbykjY4dSMDNleDkTgkf-xQE7zFDJC9YfPWdxnydJI96GDz0rEYubCACw3Cp4tjl0L7GqZLx4ohu97zDseUI8PjRyh9i2558azlQ6cXwJuDPt1uOLTN2g_pevAQsnWq2Knsfh69A3Z39sbE_1Q2jcFxTIBJG-R_qBrLXTAQNGwF8VdsHYM3vCvfmaGd5FQGgOFRmVJVQCbVexEfY46qv2wetXpUMhEJqgV3w0_O-voM8xHv-p8kZO9P9dbI5zdQ==&vjs=3&p=1&sk=&fvj=1,"Madison, WI",IT Administrative Professional
https://www.indeed.com/pagead/clk?mo=r&ad=-6NYlbfkN0CT3CvW9jZj7eVRqw-aLZvepit1qJUliowo0WK9ViCnEMQVGpbMh16TpuDVy4CtehZpGNGNP2tCCMgxhtWx28tbvBDfL6KMVQ5Xc1137shTKVo75OtOOH-IhndXPS5wzlvm8pigZCAEKKr0qgw5j-lsRRaFhyJ_vE4gtxgF4RjBgd21gL0hwizzRQBRKtJRhaEqrEsg2zcq9L9lqPD0_xIy6Qu803Ztvt1Tvde7MVAYoaex8yPxaTFM5SSEF7glqPrPk8EfzAVmjgpqnvID6U-c8JvYE23bC_LuLs3A7wPFEFmAEX1gndYce6gK8-lJztWnmWkBqHO5wmvXxe7-0ruTRd7H8rz3iZSQMrcfSv1b4KpkomLvPza-BbAhClAD531fs7fDhkrfRnhLWDlbFNQ1Sj66kfbJPNpqizpqdSf4OA==&vjs=3&p=2&sk=&fvj=1,"Alpharetta, GA",Director of IT Operations
https://www.indeed.com/pagead/clk?mo=r&ad=-6NYlbfkN0CMKCjFdoXl8AGFyS41b-YY5CGty5rMUWHEAVVuHfxOFs705o2jo94PfFqWpk-hwkjLN1eNrPtPvSO-mfNIRboAtgO7BBHf8NnwTXfw6cHrqHTtaoKs4lqzvpwOHnCdQU9XnpIvrUCNd8X74eGSDEJgAzSdAq5yIsCi46Q99aE1czjGFCBuA2PPpRElyk7-qXKdVy6mFT-Vtrkd6B3xVaeFOKbGn2sP4C8qMMnPCo6_o6kir024PiPUBDUxdvBY6xmdRTMLaBtq-AR2QkkPTCZSwdDpAvrMCxF0ua0cJ8lke-YxFDE0bk2aPCN740GiqfNbb-WnNsh3jS7EVrZ2EaIs4XpETa3EYIycM3wSBSgAI4j8Vf7Qe0s1CNjyl_Ga8c2wzF6muT534fUCS_ydgOoSdM_PFbSPQok=&vjs=3&p=3&sk=&fvj=1,"Waycross, GA",I.T. Systems Administrator
https://www.indeed.com/pagead/clk?mo=r&ad=-6NYlbfkN0ApFKr36SAJO9kKeJzt83ArYjFcHI14laxyMxygq0V814XeyCbA2UZ4vMfGBW8v9xibONcBboGuJpSxh160dxltit5XEG20YfSdVD4NmpcMqnbsMOZ-YJEgybfTQeoC2I8a4ngpBwasrPiwiMH2Uq_U_PeormMW5RIC4nrdegwoCic7LCVFje9I5KBHT6lKqLLVn8qUlMePhK6vhkZcWBYR7Q0ZQ7Dt9KK9FtladvNjRK2YIHZdpidYuQa-Ze3YS3eO-cqcQj6yK8Jul5ZtvX-JfHNrz5nqCTBnppinil6NO2M52wOBbGqkc6huTjbUN-i1hCK1mutTmOMBFzSS_S2-wMAA3pkhc3aBsdyAjKQx5tBSDbN4FG7gT2dBLieNHA8GL-CYR0bIkP1e30AEU_BtKm-n4U5i8su8_LVJTW9hlA==&vjs=3&p=4&sk=&fvj=1,"Whitewater, WI",IT Help Desk Technician
https://www.indeed.com/pagead/clk?mo=r&ad=-6NYlbfkN0D0ff9e8Lfwlpl5zGbQmpn59AL71QmFd7VKOAnfyjZzp30iMMN3yCwM8OIjbl1wvDqLreKFtDaM6CwsMrXlbxCSBsoIT4Ns-iFzQRyy79OLUGBCWo7QWNM4P8MZ7DjJqc5Ffr45U93qYaY9M8_MpEZCZdwEDd2UpIegAHlouS0rkNf4z1tmQUJXSM3VQCZREHH41eGp6lrk3oXEshxCjufwHG6AejdRJ4dXuboabLQrJ6EvPdZ-DMDjt6eezfKFmiz_lbzECoQ7m1WQ2heu-hUuRf65OhKTVQSZhZ96dY2VsvbHTllLI-1uaibbL2pxqhMWueeY8d94y7BAdY39hmFCK9-drj7c-ZUDLO2Y7kV7moSBOzUBbZU1&vjs=3&p=5&sk=&fvj=0,"Bartlett, IL",IT Desktop Support
https://www.indeed.com/pagead/clk?mo=r&ad=-6NYlbfkN0B896LBw1oz6gj5vW3BQ4b_SxaQldA9eOeasEkE4DKWN6xIUICjj23UPytterw4fPw4TpN1En1b3-sWAyhTkZzG6l0Zi5JB3Ye3Uj0RvxTjKIxL8MRwqBoAkcOI25TKLW_Izwx843VHjlMe8I3ZyYWNgbFEJUOqmp7IK2T3fC7_53fpr3ePJId_b7cWwwrLBLCfqWDagmBok5qcXjswmJtkhUx1H-5LY0llJAgrx6pQTTI2nqcgxxjXgrQkvuxnnkvfd7WVpjRKiGbJD72Tqq3NG8d8p9vLwA5q13Qjg2RMS0uSy59Z9r9vpK-LmLLHRd-8h_Y-UfqAizWlrEZ8NE11J43KSXiPT8VSHbcV21EwAaEaGKaWBmoiCFseno14UStR5wm2UVQ59GZuo9mZXfDOttYjS5UzKc9W8y7aOV3D6A==&vjs=3&p=6&sk=&fvj=1,"Mishawaka, IN",Senior Network Engineer | IT Manager
https://www.indeed.com/pagead/clk?mo=r&ad=-6NYlbfkN0CwPSYXNMU6WDmbw3ofmNAheiH2f4NfZRo7hF9EeKnhP4pxyu8ZF9EVdmBKCc2t6ktbkJI4GdSFOSt6MR_IigBtkwf_TFQJtLUVjWJZl5c_96gd1Tdhie6PCQP7ikmZ0KSf2SLKEGk00lh3oTTktm00q-zV83TaZ1e-rSh53ZmJJ2EucUYTsb03vwx_oTI69ZobvTuWxiLsyDeiOcSagxhLNfPftqAso3QQ7H-JzZ9RgHU-oZmjqTw41-FUufFmxXjPwutBZWCRfC0Q77eueQybgcgWjBGDLjpFOZb6_lA2dlkGW0zrp-IoVwa_QwmmYq1fPOal1xCgI3qy7RkUjgMQY18V-nnTqK18ds_OeOSthrJEtdd5pxoVH6w3hNWlXPPXTfU2k2ULJGCpyp6Mho6jq3pUf9zHcXYSnGJe60BFQw==&vjs=3&p=7&sk=&fvj=1,"Montgomery, AL",IT Help Desk Technician
https://www.indeed.com/pagead/clk?mo=r&ad=-6NYlbfkN0B0s-UZg-pzkBn1MIKDBagqXSnrGMzKxMuiU5z9oQpr2JICjf51DGwJke2hN_eTjiDXpefOr-6i8vwWu-U8HAPtx-IVT8N_dE6UO43zFllyC6LSVcyr9o7RB_W2hd7W9C_IFxvjwK7xK3pbtcMEbpDKgHYASD81SRw-v2BMLssD-Pt1XiCN99blAiJwck0-UDPT8p_Ol7Kxcvv-vAG1ZzDbb4EqbYxMH5QmFVE4NJdArDpCZyNKopCR8G2FQytUahd30SWFFs5nEcLKn6dnL-VhjulRnchNcc7rlSBsK9l5LCgsc3nvxbMvilYovyuTSR7PhzvH1NEHNaA5oYDhutXEaI4GS31_AwRmIGaYvtyvOnMfaqXgz-nuB1MMfMcYfCGHu5WNylAF81-YVAgaO-OcrNJy4waUQBW_UqZNpZVCPSiGmWUyn4ieLMtVHPZkjPA=&vjs=3&p=8&sk=&fvj=1,"Coppell, TX",IT Systems Administrator / Helpdesk Level 1 (MSP)
https://www.indeed.com/pagead/clk?mo=r&ad=-6NYlbfkN0ADl057su13jJlJXGo41FprJw_zufz416IMtB6mRuo3gHHiaa2mZ_8lWfqZR9zOsNoqqhjDI_GcFPwmPbFgvC56B-wBmYcljBXKhaXjjsmzPkyXerRgKmA3bkHj6sWw1hAIxG3dXlBMYjTNmPG5bhCMnmzLErps5xrPq7VSpUi8N0FsRsa49k-2TTsC3miyZBtNwVOQBVJoaVQY1Y7dztAqoTcwMI0UNOd5h6bszPhwsVA947vtIA9bGvkI1dZJrI4cq7znFrmvnZJlQkEC5nckVHojUB1YNUf4Tmg56DxloLCKF2qi613bu754ctPeEXNr_MFFHpN5oHqU0QNLXbzwKvq5XfjKqPMwEsRcKP-moIIbmAnI3TPZoWS-VegXsbMuBzDfUGOzWogr5WOqpLwgY9XkuWGTaY50xAkWPgpaRg==&vjs=3&p=9&sk=&fvj=1,"Springfield, IL",Information Technology Technical Associate
https://www.indeed.com/pagead/clk?mo=r&ad=-6NYlbfkN0CVyrilfLrIJqA6wD3cIFYRenQu0sJ-lZiH_Kk0mUaLgbDoUBPUM_wkTH57__Bhxw1mMo-fUyMaMT1LMQ4-qPE24-dSvRSJ6fwZolPErOM4JzxzSBM1cKTgs0EskaeJLm1T7oCVoOm8NS6MltVxj_XcdWLodIIjUaqyKdTRSAo1imbvIZpUCoM_UZRlQ9EevjwhXBjzxARarPVMoMsd4HpKgbgHFXSNpNA3bF9kRdq_E34MalUjCodYzHsmHzRJUJ_ptviUzSxnaEImGLj3YFcJDPQzDh16K_Uv6AnpZU5iiqZwwfpL4Abzq3FgZX48uUl8vmLLeWFufGKzaRRJFXW1-l9-4YsqZ3vqpef1acCBTVJ6tXUFmiaefM7owwABNGtYLy6g7l3SZABsQv09NjniCudFS_ozEpM=&vjs=3&p=1&sk=&fvj=1,"Chicago, IL",Entry Level Computer Technician Apprentice
https://www.indeed.com/pagead/clk?mo=r&ad=-6NYlbfkN0B896LBw1oz6gj5vW3BQ4b_SxaQldA9eOeasEkE4DKWN6xIUICjj23UPytterw4fPw4TpN1En1b3-sWAyhTkZzG6l0Zi5JB3Ye3Uj0RvxTjKIxL8MRwqBoAkcOI25TKLW_Izwx843VHjlMe8I3ZyYWNgbFEJUOqmp7TgLgCrTTc_ry2I7nhuUJHr4EDGOEHi34WAoXpVpkGmDBYQYChtM2KmwnwHfVJXi-f-Ro-qKJ3-eMsTdY0h-vHXoeKrtwohV8WWouSKt3MYwqkEW-V164y7uNCFAqAO2R6Zotv3sQAZZTZgkTFDEG4gtrpAVxRShFuBTOyXbZrp6tk7aKE2zYcBC6d8xkIckkX_E2pOfMCOswWkHM6kCoD6ds2m8rRYZjTAk7q1OQODbIRke_8LDc6_1zZrgoHZQVe9EvHKAGnFw==&vjs=3&p=2&sk=&fvj=1,"Mishawaka, IN",Senior Network Engineer | IT Manager
https://www.indeed.com/pagead/clk?mo=r&ad=-6NYlbfkN0CT3CvW9jZj7eVRqw-aLZvepit1qJUliowo0WK9ViCnEMQVGpbMh16TpuDVy4CtehZpGNGNP2tCCMgxhtWx28tbvBDfL6KMVQ5Xc1137shTKVo75OtOOH-IhndXPS5wzlvm8pigZCAEKKr0qgw5j-lsRRaFhyJ_vE7oB3O-6FvgNgDazqolHBlILuaughLU2_lBUGVDcnQkg8N2vknenEx8SMULzK8YONCEm4GzkT056RjznKlv7dOBlrOsQHk-Nb7ZDtFUArTZ3yXeqO-X8K_9WNiYpee4LksW1y4HRZMnqbnT9DJGs7c9zcd2jbNm90xQNuS1o6wsnJ178sPvn_w5UEf9bLdASYqees2zAuiy_-2-ndZ_EyGxOyTesXtDZDqig4msS00AjCsfbZzStiS2zcm1bL_jrseFhPU0Z8_3kw==&vjs=3&p=3&sk=&fvj=1,"Alpharetta, GA",Director of IT Operations
https://www.indeed.com/pagead/clk?mo=r&ad=-6NYlbfkN0Bt3iLqRxbaYE4yKAyGcnFg-oacJOgdvxfzvmaxBHlUSBnx2ij8fm2JBUxKpZIXAqJJfVCwZ_jQ8hf8fiwzbaBXwv2b0CXho_ROu2bl4qdy-b7SDACI36XjNh6Yjmn-AnzAR4fGH8qzDRBQh1NVm2uX6vBS1hLy8P5wkYrFZW8Px6C4H7B4i1iq9Es6fTyxU-AenDWNp2WRpI6T_auCfF0Oum7qGDNGhocBBLV-wbRDyx9kCSMNxXPee1nNF3ykVUenWvpBev8d7vL_ekopRG_JZ3S3sj9XmANCfewehE4KaIGf466g1cNOAyVNVvyo34AZlJxx3yrTYnQDmZFLIwD_uvzMZoyaZInDOejQgafNhbaFF2PJNTkUlESW5PGEJOG-c_F-1O39ua9azOKbTY2tTv8wKwgqiziUcExt_hgqoA==&vjs=3&p=4&sk=&fvj=1,"Helena, MT",Advanced IT Engineer
https://www.indeed.com/pagead/clk?mo=r&ad=-6NYlbfkN0CwPSYXNMU6WDmbw3ofmNAheiH2f4NfZRo7hF9EeKnhP4pxyu8ZF9EVdmBKCc2t6ktbkJI4GdSFOSt6MR_IigBtkwf_TFQJtLUVjWJZl5c_96gd1Tdhie6PCQP7ikmZ0KSf2SLKEGk00lh3oTTktm00q-zV83TaZ1cs12IPOA1R9UOw222WYIdRXiyIY9muzGrWcI2c3mEIzZZuRYxxXkHJ2iQtmFYYMpkGDoJdfKmehetn4poKQUKh9epF_nL85-bZkKsW6xa5B3TxjZ7kQtQuMkr52P5HsIxhJh7HLuPDRAOKKsgRyZCVVGnE2iQc8pMrhjIV2gwiEWuFU_ciFoEN8LrmklKTAI89dxw6W6xOfu5l2_CFu-H1TQMyTv7RXvcfF-vWQuAOYLywWsSjgtwEOlBh8dla7ww5eeXTOaZcPQ==&vjs=3&p=5&sk=&fvj=1,"Montgomery, AL",IT Help Desk Technician
https://www.indeed.com/pagead/clk?mo=r&ad=-6NYlbfkN0B896LBw1oz6gj5vW3BQ4b_SxaQldA9eOeasEkE4DKWN6xIUICjj23UPytterw4fPw4TpN1En1b3-sWAyhTkZzG6l0Zi5JB3Ye3Uj0RvxTjKIxL8MRwqBoAkcOI25TKLW_Izwx843VHjlMe8I3ZyYWNgbFEJUOqmp5VeJxlI3ZN-LKBZ1TvFTEbA3vJ-IlDRQEb11PhVb-THe6e6lRIjIyyUoTRVJPT8teY-AHAL-T0KURq3deMPG4_EQci4ceYPXBlCVAOdSN1yKwR9hLdLCOtXwFBgo4chxqLkdeKKwN1b3GUF8zE0xKfTnU8ysGJm_vCh0Is8CXxXICCbMhS2W9ON35FCSACck542UiB3KJHVtnN2RGiCJMi-PwkefB5TFiDGISGqRtssbpbEsGd5Ciq96bnblGK5i_AGFT0JujR6g==&vjs=3&p=1&sk=&fvj=1,"Mishawaka, IN",Senior Network Engineer | IT Manager
https://www.indeed.com/pagead/clk?mo=r&ad=-6NYlbfkN0CVyrilfLrIJqA6wD3cIFYRenQu0sJ-lZiH_Kk0mUaLgbDoUBPUM_wkTH57__Bhxw1mMo-fUyMaMT1LMQ4-qPE24-dSvRSJ6fwZolPErOM4JzxzSBM1cKTgs0EskaeJLm1T7oCVoOm8NS6MltVxj_Xc4fPviApvBKrJUtKQ_rimMhoIXsHDYeQ45cYPeGQc6gBxWaNp9lpPCc6lwXU4dIsLKTE5hQtJMxkJy19sXF90PNNU-8vH2JvhGobkXiJ_-j7_db7c43fJf8xa7huzdYJX-ujb5K7sLLVzy8vqtiVHbla5CibJNsNTBM2UN6YdcOX_9k6Mp5wVRD7QsVMRQ4u2SPP56I4HS501TOPqr_sBO-HVPAt1I8TpDf1XBZmxdMOE9y_W9iNWRKIt8rOn09riwuUahes8Jc4=&vjs=3&p=2&sk=&fvj=1,"Chicago, IL",Entry Level Computer Technician Apprentice
https://www.indeed.com/pagead/clk?mo=r&ad=-6NYlbfkN0CT3CvW9jZj7eVRqw-aLZvepit1qJUliowo0WK9ViCnEMQVGpbMh16TpuDVy4CtehZpGNGNP2tCCMgxhtWx28tbvBDfL6KMVQ5Xc1137shTKVo75OtOOH-IhndXPS5wzlvm8pigZCAEKKr0qgw5j-lsRRaFhyJ_vE5_H-y46wFzu5vXn8kODQrTZFPm8e1w87kxERHbY9f5UbiT2avOvXX9qQCANzEHo6F4oas_BDx2zZ9gGizR6dRHd9efZF6vGb984SsnsLc5lJv9LRXqBqkFpDcCxXHpVnYaVhICV8pP-Bmjfwr3qZuc9mvbPe9I_1j_OwpTDmv607GLOiVvLQn2DO5Z0LXXvTY7nH97ZCnRu-Z4J27IiSieXeY1ZqsFga9lq_Q8EsAWm4O0St05WBrI0r6XKo1AziOk7bkaQffrEw==&vjs=3&p=3&sk=&fvj=1,"Alpharetta, GA",Director of IT Operations
https://www.indeed.com/pagead/clk?mo=r&ad=-6NYlbfkN0Bt3iLqRxbaYE4yKAyGcnFg-oacJOgdvxfzvmaxBHlUSBnx2ij8fm2JBUxKpZIXAqJJfVCwZ_jQ8hf8fiwzbaBXwv2b0CXho_ROu2bl4qdy-b7SDACI36XjNh6Yjmn-AnzAR4fGH8qzDRBQh1NVm2uXd6U5ikWUSCm1oXtj8GdXzVFKABO08LVcqrea4ZONKvTVsYeZfV8N_tbdQgIEmV1OlWWLtJvdJkckLPLCkLr9LtbSkebRcl_gnPBhLiQe2mPZi67Ru7OCaCCV-TWnaNzjXsPddY7jTSgDjbRWDDp6N_Lg9MTcOyXnGTEE0c-7Ii9m46i4fjrzI1T7VMzr-ghAKFQv5ieYXyU1kH8VkKHvj3TdiKzMfYJCrtrBSKTyD0tFPXCLDAOJntJqU_gIhihArMORGfUpMuzVfCiZ2s4spQ==&vjs=3&p=4&sk=&fvj=1,"Helena, MT",Advanced IT Engineer
https://www.indeed.com/pagead/clk?mo=r&ad=-6NYlbfkN0CwPSYXNMU6WDmbw3ofmNAheiH2f4NfZRo7hF9EeKnhP4pxyu8ZF9EVdmBKCc2t6ktbkJI4GdSFOSt6MR_IigBtkwf_TFQJtLUVjWJZl5c_96gd1Tdhie6PCQP7ikmZ0KSf2SLKEGk00lh3oTTktm00PBks-dtiFAWg7OS0gSBrzefkaP5Bf8TtSL9bzYmORvUvRxUVGd325g2VrWsMRLGhIPOMKStbGkB6YaueUybMUibbtRToSi4VFFgDihyGx8CW2NvTRZRY1ABFmmu84UK3X-1PwPH0Q5JIXGNpasi49U84hcsOr8DlG196hUq05ea2fFmBA7kKv5RRb3MHTF-PMBOYaQ7vPoa15JnuJFli912jFq6-BWMfbqhyNZMl75yVovHTc4nq_yRlrmYJiuswg5Qd_rlQNVPzxdif47GZFg==&vjs=3&p=5&sk=&fvj=1,"Montgomery, AL",IT Help Desk Technician
https://www.indeed.com/pagead/clk?mo=r&ad=-6NYlbfkN0CVyrilfLrIJqA6wD3cIFYRenQu0sJ-lZiH_Kk0mUaLgbDoUBPUM_wkTH57__Bhxw1mMo-fUyMaMT1LMQ4-qPE24-dSvRSJ6fwZolPErOM4JzxzSBM1cKTgs0EskaeJLm1T7oCVoOm8NS6MltVxj_Xc4fPviApvBKo-cQv1kgpfjzKo6WKrkZZ9dgmzcfwqGj2zLPShl_I8gtw36Auys-dtJYOqmeIA2M8pDQ79O4p89xThI35HBRAOvp3pIvPrDJ4n7Py6h5aHLidM1CwGeZQYAhTyhO-SjuIw0Imb-XqAyQmIHR65R9aklaBGXWh6BGdvxXotZX3bns9l4D_6_0bQEzC6jxgz3nldJyvKSrknnMA70wJyQcD0AXRGop4NDvyMkpEUAAHkwZUurjMtg7EuUijWPHviTlU=&vjs=3&p=1&sk=&fvj=1,"Chicago, IL",Entry Level Computer Technician Apprentice
https://www.indeed.com/pagead/clk?mo=r&ad=-6NYlbfkN0CT3CvW9jZj7eVRqw-aLZvepit1qJUliowo0WK9ViCnEMQVGpbMh16TpuDVy4CtehZpGNGNP2tCCMgxhtWx28tbvBDfL6KMVQ5Xc1137shTKVo75OtOOH-IhndXPS5wzlvm8pigZCAEKKr0qgw5j-lsRRaFhyJ_vE6n867fvUp9JI6v_mjbwYF_onR8e5hOJ7xgG8VxHveNWyaeErF4vP6BgR21szi4gKOlXLPISOZgLGVHX69ikCvycgajwu0ilrX1-SyUSwDOn0OsDx9ZefE1fB4CtCnCCf9gUBv-hhbal80ROjuhmatFqCNdxczUZxOGCqqq99wjOxGfhFIiTlxvYZmKUhf11hcrZ5OrO07GB-QPkaUug25D3DOra5OX8DyDjrPWRyYXqp0UqxEDA98V8NYph59o-MflvXBvOq6b0A==&vjs=3&p=2&sk=&fvj=1,"Alpharetta, GA",Director of IT Operations
https://www.indeed.com/pagead/clk?mo=r&ad=-6NYlbfkN0Bt3iLqRxbaYE4yKAyGcnFg-oacJOgdvxfzvmaxBHlUSBnx2ij8fm2JBUxKpZIXAqJJfVCwZ_jQ8hf8fiwzbaBXwv2b0CXho_ROu2bl4qdy-b7SDACI36XjNh6Yjmn-AnzAR4fGH8qzDRBQh1NVm2uXd6U5ikWUSCmxiMA3fkMQeKZ6eKBa3DTJR_hW9WaozgQpl0kz4JF2ANMFsMckmHf1aitJOqepZ2612NiOExAgc2fjPF49P3HMJnjL07ua3b4AAdbUd4AyWp___NO_OF_mKmXiJ77D9ixTwi70xCo8CceTXBTLoKFCVhrlm_X-cU1NQOniFNZXeeN2EKJGkTN7J9tHPEBg1Hu-EH3ycecg9YwcOWISa6I3LE1nEUJg1dIWVclsjSFPgo6SXL4RGSV0CAyAS_h3Ou7ikaT69SS1lA==&vjs=3&p=3&sk=&fvj=1,"Helena, MT",Advanced IT Engineer
https://www.indeed.com/pagead/clk?mo=r&ad=-6NYlbfkN0CwPSYXNMU6WDmbw3ofmNAheiH2f4NfZRo7hF9EeKnhP4pxyu8ZF9EVdmBKCc2t6ktbkJI4GdSFOSt6MR_IigBtkwf_TFQJtLUVjWJZl5c_96gd1Tdhie6PCQP7ikmZ0KSf2SLKEGk00lh3oTTktm00PBks-dtiFAWj9F3vBp3MZk7W9u91mwDkGwQRxeMpXCfEVDRgWy9JEgyxrF7IHQEwGg_EJSjJrF_mXRUDrm4r9mVJ5HR2zvaGgj-eSfgplEnUM0b3d5hU2wrGEOsKRI60SGKu9FVJZH7glMOb5c8WDpwXBreIE8twiHCnFJI_knW3xU7aEGlydyM9LWVQRbz_Z_OABxCs1N3x_rYlLZp0UoynSypQ7fW7_DAsAZ0AxdO42ieep2iSGOU1sUTzCsNY2tdfqOdSUpORxLWejsbAmA==&vjs=3&p=4&sk=&fvj=1,"Montgomery, AL",IT Help Desk Technician
https://www.indeed.com/pagead/clk?mo=r&ad=-6NYlbfkN0B896LBw1oz6gj5vW3BQ4b_SxaQldA9eOeasEkE4DKWN6xIUICjj23UPytterw4fPw4TpN1En1b3-sWAyhTkZzG6l0Zi5JB3Ye3Uj0RvxTjKIxL8MRwqBoAkcOI25TKLW_Izwx843VHjlMe8I3ZyYWNgbFEJUOqmp7dVp6x7i9tKY8Dj2h2BKmh91WVt29p5gSpklQLIfmiyVLrIWDQK5BBEvTNUDuZ3Ij4zUaEB20BNtcbToq1WJbhbXtRLpyea4pWIXVBJ0b-E4oo6OVThGZ0Zg9cRnXj9gag9QaHUrqjcnC3Q5lMYmatg39hlyDeJ91rZPGDIwp0uIwUycUb_N2mgdhfX-yM0bGLaA1jzaB8zSf5jAADzyXuNUqnsdog2cH3HK0Jy58_CEaAxX-YXx3zhwZQFbeoc_RL8NLl67lu9A==&vjs=3&p=5&sk=&fvj=1,"Mishawaka, IN",Senior Network Engineer | IT Manager
https://www.indeed.com/pagead/clk?mo=r&ad=-6NYlbfkN0CT3CvW9jZj7eVRqw-aLZvepit1qJUliowo0WK9ViCnEMQVGpbMh16TpuDVy4CtehZpGNGNP2tCCMgxhtWx28tbvBDfL6KMVQ5Xc1137shTKVo75OtOOH-IhndXPS5wzlvm8pigZCAEKKr0qgw5j-lsRRaFhyJ_vE7GpQFLmFFEyBWyk4s_zq9apGdvupXFZq42Uu1kzhkEr63sI3p8n8XELBwVgnjvX-fCGa54qRusdefb-QxvclSORSXfNXihVsxmOtW3R-4nmQ70fZaWdRompM7bCuJ7hKUgRcJQ39j5Nnt6Kc8EpYw3AbHdTI1pLRkUtThqJR6TXw-eAldSejIbhPM21jRcaBY-d2qEWt0dR2NkNDQkNZMxxgx2J0V3I1c-b-fheq-ZBd8y5XKYHBXN8r-OffbXk0WBOVyYmImarQ==&vjs=3&p=1&sk=&fvj=1,"Alpharetta, GA",Director of IT Operations
https://www.indeed.com/pagead/clk?mo=r&ad=-6NYlbfkN0ADl057su13jJlJXGo41FprJw_zufz416IMtB6mRuo3gHHiaa2mZ_8lWfqZR9zOsNoqqhjDI_GcFPwmPbFgvC56B-wBmYcljBXKhaXjjsmzPkyXerRgKmA3bkHj6sWw1hAIxG3dXlBMYjTNmPG5bhCMwRV2Ejdfsje5tigB4GTqe790cYx9Qedx_0XlOKPh7bYlgFfBuqw2n3ofUMw59vURZYDYNOEnLgaBUEPnXS3cZ4wCu4T5MAkRC6d--TNAgSWFFbKyobHqGj8vppMqsV6w1XjlGi0AeNqrRjJTLXJ_8WHITCX_Ux92fK7_7SzUfFcU5smFy1ahtcIefboISflycW8IGahtpHIh0nqSBKNfJZSOo-fI8XIYbXx5yjMKRG-gx6tylRJmUZArdCDKFs9tV2ZH3O6PWkzagbBfKHxjhg==&vjs=3&p=2&sk=&fvj=1,"Springfield, IL",Information Technology Technical Associate
https://www.indeed.com/pagead/clk?mo=r&ad=-6NYlbfkN0ApFKr36SAJO9kKeJzt83ArYjFcHI14laxyMxygq0V814XeyCbA2UZ4vMfGBW8v9xibONcBboGuJpSxh160dxltit5XEG20YfSdVD4NmpcMqnbsMOZ-YJEgybfTQeoC2I8a4ngpBwasrPiwiMH2Uq_U_PeormMW5RKPlYxnwF2cfidSlRX3vc49qkEvToPv-HuxQew5Q7SfN1P4ZYXSlxkLmtzpMlk3-CGoNnc1Dx_V6SROa962kt9kAKip_JT6r_9RU5MWqpC_aMGGHJg_O7sGdXXgDI97xkAWyErfnLPuotXEWw9pkfPSohDamhPSKc66z9xUL9ue1dEku3xHaINK-z6SmMHymaY0s4rwEgmLLVkUwcoux8fwS4LHfmeFUd0Nb6z5mZ5ZhlQJmyQImNRcxGhFNReX3fn8j2BmwOQaeg==&vjs=3&p=3&sk=&fvj=1,"Whitewater, WI",IT Help Desk Technician
https://www.indeed.com/pagead/clk?mo=r&ad=-6NYlbfkN0B896LBw1oz6gj5vW3BQ4b_SxaQldA9eOeasEkE4DKWN6xIUICjj23UPytterw4fPw4TpN1En1b3-sWAyhTkZzG6l0Zi5JB3Ye3Uj0RvxTjKIxL8MRwqBoAkcOI25TKLW_Izwx843VHjlMe8I3ZyYWNgbFEJUOqmp6OB4LCje16Ce382b67hfa1MPYxsYRW9o3ZNwbyZ7jq3qo7F1wXIpd8NCG1XRzR7NmVr_BU8H70uOtol0YalrQjXeVP9hRJSbTIabT1K_NTtNEpTKaGJWTZ8sBGMaLZP95_oyeMMteaIGOOqWxkmjYRPZCBPo9n7jbova4Yuil99dBsIvy6XW1HwFaZWaKX_u3LhtwpsYxlEFxNWyI0rHZ0exH5yiRmHe0dUkFD2zpCGi0yXwQ2abwEIgWjPxPLEK8bqDD53Br0rw==&vjs=3&p=4&sk=&fvj=1,"Mishawaka, IN",Senior Network Engineer | IT Manager
https://www.indeed.com/pagead/clk?mo=r&ad=-6NYlbfkN0CwPSYXNMU6WDmbw3ofmNAheiH2f4NfZRo7hF9EeKnhP4pxyu8ZF9EVdmBKCc2t6ktbkJI4GdSFOSt6MR_IigBtkwf_TFQJtLUVjWJZl5c_96gd1Tdhie6PCQP7ikmZ0KSf2SLKEGk00lh3oTTktm00PBks-dtiFAUYNwWdrrjFItIsF406qSu-o58WVwJZVGBNJtA8Q4ABp25hhESSb1-MljdAM5r27WsPLctGXmGX1nkeva9R6S_hxkepNPnE7K5LlNhl49R7ct7xt5ZlYPZ9o2X0-r45OtUu4Xjh-cSgAy8Chz8XtJmUc86TpTLQFqkvm38FYqUrjmdeMx4laQsprTJpqYsgG5bJaHN_fKycO_P-j4o342XWQ4OGMzP3tpkx8d_wRAwKWwV0plfFM9NlbiAJhzmx3hlmfor93NnaNQ==&vjs=3&p=5&sk=&fvj=1,"Montgomery, AL",IT Help Desk Technician
https://www.indeed.com/pagead/clk?mo=r&ad=-6NYlbfkN0CwPSYXNMU6WDmbw3ofmNAheiH2f4NfZRo7hF9EeKnhP4pxyu8ZF9EVdmBKCc2t6ktbkJI4GdSFOSt6MR_IigBtkwf_TFQJtLUVjWJZl5c_96gd1Tdhie6PCQP7ikmZ0KSf2SLKEGk00lh3oTTktm00PBks-dtiFAWmAfrYpq0nIR-U_iDdZcygX2oIybTa1JxmUFGcCNDKla_0IGC1Z9HLtoRj2KhuVFMyYNP544zfrzUVJblayUiv3n5jNaZF1yXfyA0OltGUeQrtnVYBc1I-TKJgk9VS6OsTPzTSD_iKWiTkAXO6IGuCr92TQJ3adRYgl76sWbgodjVIpcvQwpr8LR_VAGEhYdeHNG_ANbWDlM_vR_Yu1JRtT1iwp0lhOx9dnkSkCl-QItcspfyUGbtLZUGOLXgk_Ks1HB2rg4oEOg==&vjs=3&p=1&sk=&fvj=1,"Montgomery, AL",IT Help Desk Technician
https://www.indeed.com/pagead/clk?mo=r&ad=-6NYlbfkN0ADl057su13jJlJXGo41FprJw_zufz416IMtB6mRuo3gHHiaa2mZ_8lWfqZR9zOsNoqqhjDI_GcFPwmPbFgvC56B-wBmYcljBXKhaXjjsmzPkyXerRgKmA3bkHj6sWw1hAIxG3dXlBMYjTNmPG5bhCMCoWx1OKFI51zdUYjagiJEZ8LOLfkUVSQxjXkmlawci-H_Usj-fGJ58HnI3oQ3JQgqukOR8ULFf32ZFPiaxqOrG8EW7wz6ayCNCwT3HH1Vw33ElIT7XpLxfA2EbwxPqfPJoAXc6DahDnxEy-dylp3o4qnqaOdHfylXX9ZR6_wc7KRRx-tY2dYHj-bkOrIYzsoxeuw4j0fkF_rvd9LHT_-hKKkWsSO3bdo4zAJpv7u8zKkpqeO4NttYd4VVwqkQ7-1hzHf4GafqPx2ukJ5Q_FHHQ==&vjs=3&p=2&sk=&fvj=1,"Springfield, IL",Information Technology Technical Associate
https://www.indeed.com/pagead/clk?mo=r&ad=-6NYlbfkN0ApFKr36SAJO9kKeJzt83ArYjFcHI14laxyMxygq0V814XeyCbA2UZ4vMfGBW8v9xibONcBboGuJpSxh160dxltit5XEG20YfSdVD4NmpcMqnbsMOZ-YJEgybfTQeoC2I8a4ngpBwasrPiwiMH2Uq_U_PeormMW5RJJwoa22zhJQDq6wcwlnAk43TwXVMwZLaeWLrbsImLmBXgj9G-4r3BaVqmprZnvtJFm20-Hf_Lj1gGBITnEbiWxLVPeQ8bkhmJ0RjqRurOyOJvDclpdfprb6oKUJjppip88reyn4YbcG24ee46NBVpm74QOJ8dBmzBoVUbwHECSmpaaWcQkPzKLsk6SHF9dnah8OtJa4Y7_hgVI3NArE9Gql8Ml94tbatnLnfNvY5NKFq9AZHP-maZhTxFFoGizGCFJ0iI07smhAA==&vjs=3&p=3&sk=&fvj=1,"Whitewater, WI",IT Help Desk Technician
https://www.indeed.com/pagead/clk?mo=r&ad=-6NYlbfkN0B896LBw1oz6gj5vW3BQ4b_SxaQldA9eOeasEkE4DKWN6xIUICjj23UPytterw4fPw4TpN1En1b3-sWAyhTkZzG6l0Zi5JB3Ye3Uj0RvxTjKIxL8MRwqBoAkcOI25TKLW_Izwx843VHjlMe8I3ZyYWNgbFEJUOqmp6yzJzkqF4a6hwjjgz2t2B6uiZBOu3kK3-wfzAxd-AUPgF4l9icPvGlX4ktxQsJz8tMnGN-5tXfs_gTPnHptg5WuWEr9Tk6u2Hr0rNk9FOsNekXZkjcUN8AH6hHx9U91NrXjD5yx4kBrd9dok5bP9WkPN7ZBV2ZcTw83GbW56K78_vIYttSsnDlgl2qCzgtmovWwhcsS1Blh0leBTOT3OpG7DgM4OKtPXWOuVlowbXMGzjsYR92eCYKMMrcK6jH7rZcj4mK3SD5lg==&vjs=3&p=4&sk=&fvj=1,"Mishawaka, IN",Senior Network Engineer | IT Manager
https://www.indeed.com/pagead/clk?mo=r&ad=-6NYlbfkN0CT3CvW9jZj7eVRqw-aLZvepit1qJUliowo0WK9ViCnEMQVGpbMh16TpuDVy4CtehZpGNGNP2tCCMgxhtWx28tbvBDfL6KMVQ5Xc1137shTKVo75OtOOH-IhndXPS5wzlvm8pigZCAEKKr0qgw5j-lsRRaFhyJ_vE5D0wbdf2b6xH-h4r3xZRgSzvMhkIgPXVTeyur2px-kALuTvVGVyflnOXqTDQnUarRvoD1_PhePbFGvHY7f49P6agpDJhHHf-1eP1jZFZUE4D9N3h-aNKjfVnzORJLOTyFPkK8ukUvvseZJI_l7hs-FVdnLRGGrq5ABxQuSR2PnzJqPB_y7etr-5uFCtC_29aCOIQc8R5lntKzyTeOdHQ3CAGCYwfymyAkClJm7Dpzdf-Udwgfs0lLbxBpqYo-7N9uDwD8e5CsPVg==&vjs=3&p=5&sk=&fvj=1,"Alpharetta, GA",Director of IT Operations
https://www.indeed.com/pagead/clk?mo=r&ad=-6NYlbfkN0CwPSYXNMU6WDmbw3ofmNAheiH2f4NfZRo7hF9EeKnhP4pxyu8ZF9EVdmBKCc2t6ktbkJI4GdSFOSt6MR_IigBtkwf_TFQJtLUVjWJZl5c_96gd1Tdhie6PCQP7ikmZ0KSf2SLKEGk00lh3oTTktm00w9N_X7sg---0mEgUmUvGXcSjBFWK79jsjq2GsqX11idsBLeOEnbM2sLXnytN6DiQwOxhePgsRtZInEeeqTIDqMd9TuE-Hy_TSQnfzMYcjIT9c7ROi9ZIO6ZIQ4gvNfmkC0MP7XVFu83DIHBTATrRoqg1GYk6WEYfjQ-L5fxoewbulDKzinIUwkT4N53bsyGFP6V-MG0H2QcsC75ky-_KIeUXhmWDmlQ5cwX_6AaYc1g46xd6helLVulMZOjdrZr9rrfTTDqHPq1USciJNI-NSw==&vjs=3&p=1&sk=&fvj=1,"Montgomery, AL",IT Help Desk Technician
https://www.indeed.com/pagead/clk?mo=r&ad=-6NYlbfkN0CT3CvW9jZj7eVRqw-aLZvepit1qJUliowo0WK9ViCnEMQVGpbMh16TpuDVy4CtehZpGNGNP2tCCMgxhtWx28tbvBDfL6KMVQ5Xc1137shTKVo75OtOOH-IhndXPS5wzlvm8pigZCAEKKr0qgw5j-lsRRaFhyJ_vE4--AwYygDQtTTxJ6-AD7g-rn_2wIDEFhXtbp6rgNs_ke8s_eEziZoxFJpxRfvPGyheXFJWP2W2mw7MIZpxwLdOXJVIWCguFqm8NqnUQAK4P6VuOD6pkiNPRCDmrdNrMrcH_IeRCak8oeH_OoLdrnmPHsIKkLYkDKMgu5vIZglo_mILInZIsg6HZ_pW0nBcRkNscO7zzTgAeGCV-EjI_QI9ZCe1KPo3Ls8Q19PuAuXpaK3ik1_ION020Ei6-AhE-AgtW2Sw6vpB0Q==&vjs=3&p=2&sk=&fvj=1,"Alpharetta, GA",Director of IT Operations
https://www.indeed.com/pagead/clk?mo=r&ad=-6NYlbfkN0ADl057su13jJlJXGo41FprJw_zufz416IMtB6mRuo3gHHiaa2mZ_8lWfqZR9zOsNoqqhjDI_GcFPwmPbFgvC56B-wBmYcljBXKhaXjjsmzPkyXerRgKmA3bkHj6sWw1hAIxG3dXlBMYjTNmPG5bhCMdWDgIZWfXPWHasp6owiqkLqF4Hlxgg9W65W4SUdsO4cbIn0P-hPFbHFimc7ZcatgQAFOpqr_eaWkTQKv2AyUigJqlvA278g4V-_mLPqqcS81dtOjEDDbnVyaai-yxvW3JnOFoilBOyeJpjIMBxpj-TOU94ShDBpVBV68Qc8IDMbkBgjjiBFq_6OSLfQUajOS2O-Q82z02n6PZus_GiO9tQL5GElPKjRdjpbsS5eulArILMu3vqwMe5rUkS0WNnpYd4uz3yrqMhFS9opoCCHpCg==&vjs=3&p=3&sk=&fvj=1,"Springfield, IL",Information Technology Technical Associate
https://www.indeed.com/pagead/clk?mo=r&ad=-6NYlbfkN0ApFKr36SAJO9kKeJzt83ArYjFcHI14laxyMxygq0V814XeyCbA2UZ4vMfGBW8v9xibONcBboGuJpSxh160dxltit5XEG20YfSdVD4NmpcMqnbsMOZ-YJEgybfTQeoC2I8a4ngpBwasrPiwiMH2Uq_U4OhbIVwTcWSZIjYl06ZD1el4IdbDutMErcoGjAFL0R-vuh_USPnKX48ii8AurCodOHIjfOewCWocmymZMxOlgJdvw49eXccstQIkku-tPaCzVEg3cLf76tMDmlkECulbhoTSl_B5BX5XTSpZdfkukD_zhiwtt8xVS9l1U4sBJIViQxiKibq8r0N6S31hDWs26fHfzThWr8JCo27ivu7kww3yOO6y8JbfT4adakNHWwgViqCgHF8vKxjNaebbqEUXb5FL_mmUBN46bie_-0nyDg==&vjs=3&p=4&sk=&fvj=1,"Whitewater, WI",IT Help Desk Technician
https://www.indeed.com/pagead/clk?mo=r&ad=-6NYlbfkN0B896LBw1oz6gj5vW3BQ4b_SxaQldA9eOeasEkE4DKWN6xIUICjj23UPytterw4fPw4TpN1En1b3-sWAyhTkZzG6l0Zi5JB3Ye3Uj0RvxTjKIxL8MRwqBoAkcOI25TKLW_Izwx843VHjlMe8I3ZyYWNFO2AfYNkgwprr_NCAvSmcMYKRxhSRQf7s9wKqN68eLu6mMlELzs2PEYdlW45si3kp2Baw-CXdwBwjraV_Z6Y0qAfxUtEgfc3jxff2iiGPGju0hRQRtlKCmeBtQOS4gP1YUDk6J-E1LLYKM-EyuGLMYvtUirWcxd5HFXwPYeJwzOWuWsS5LGjWZWL2gP7q9vapNRcWT_Tx-I4FLgglL2IBY2xOlMHa2OLe3MWmQdAtEa4TtMKWXX-IpwfaEJkk3Q7-cWFBtwG2ilWOaW5L6t_xg==&vjs=3&p=5&sk=&fvj=1,"Mishawaka, IN",Senior Network Engineer | IT Manager
https://www.indeed.com/pagead/clk?mo=r&ad=-6NYlbfkN0CwPSYXNMU6WDmbw3ofmNAheiH2f4NfZRo7hF9EeKnhP4pxyu8ZF9EVdmBKCc2t6ktbkJI4GdSFOSt6MR_IigBtkwf_TFQJtLUVjWJZl5c_96gd1Tdhie6PCQP7ikmZ0KSf2SLKEGk00lh3oTTktm00w9N_X7sg--_3uku2GveOS71Zkbn4GD0jalsky3_qq3koqIxLvi69Z54AXAIpTuBk6JKaVXmjGiJuiIgp1AvyloAp_0q4Q4iTXuRVx6YExFOXJ23mI7i3MhevMv5GlpDNMDTyrUdUve9gWKa3rvrOmE0LDhZRd8sLbirA9cp_uPlVGegfs-dOFLWCwRCIM5RmIIoc9eIBjRI3Ju3sSA509q36XWdQbAYl7fUyI3LJJqhkzuysEU85EB09jnEG2WS4N7vWCFCL3s4osfDi4J12ew==&vjs=3&p=1&sk=&fvj=1,"Montgomery, AL",IT Help Desk Technician
https://www.indeed.com/pagead/clk?mo=r&ad=-6NYlbfkN0CT3CvW9jZj7eVRqw-aLZvepit1qJUliowo0WK9ViCnEMQVGpbMh16TpuDVy4CtehZpGNGNP2tCCMgxhtWx28tbvBDfL6KMVQ5Xc1137shTKVo75OtOOH-IhndXPS5wzlvm8pigZCAEKKr0qgw5j-lsRRaFhyJ_vE5cgbaup6_XcX1nwBB1YjmUczMRW73wtAGgzBxm6d-uNa6v6Go9tE79C95xD5betgm6zx9hW1iBRLlABV_daKTM73l6mptO9pf74QJluRkLEun1ynaosooE_QyLVcOqrC3yxbJo-2GzML1S2U0UHVQMFuHAc3hJ5f-gKIeiphXv_6FT_CfAIGg_2JeIqwpHkGMYnzgqmzDW4qKzrEF98j1UBucuEwzrrlkZp3SvKNPXGzrKYi-F-3sEH-4luYOJmB_xIXF4ZxcuWA==&vjs=3&p=2&sk=&fvj=1,"Alpharetta, GA",Director of IT Operations
https://www.indeed.com/pagead/clk?mo=r&ad=-6NYlbfkN0ADl057su13jJlJXGo41FprJw_zufz416IMtB6mRuo3gHHiaa2mZ_8lWfqZR9zOsNoqqhjDI_GcFPwmPbFgvC56B-wBmYcljBXKhaXjjsmzPkyXerRgKmA3bkHj6sWw1hAIxG3dXlBMYjTNmPG5bhCMVi9y-mZm5BJ00xby-BdqB_cLAQXdlYX-LDhe76I3utpW3sYsU-5TvZ20zlGdTYd6biYFF9KKIA4EgN8Pm8h9hKQSylIC1fiKegg1LAnQ66w54McnBAFd8b06yFw6wZ21csqBj3YrzTo0tjvU0F1-boedbdlGuE2Iv6Iyb14ufa02HxQXuAnwX-__HBQQahZCqoNLKBzMKynou_KSY3TIHeJSiquht8wxHaoczU_-F9IG28Lyd3VOdaxWkk6eh5wsfESsfRzgUTyvAdRdt-stcQ==&vjs=3&p=3&sk=&fvj=1,"Springfield, IL",Information Technology Technical Associate
https://www.indeed.com/pagead/clk?mo=r&ad=-6NYlbfkN0ApFKr36SAJO9kKeJzt83ArYjFcHI14laxyMxygq0V814XeyCbA2UZ4vMfGBW8v9xibONcBboGuJpSxh160dxltit5XEG20YfSdVD4NmpcMqnbsMOZ-YJEgybfTQeoC2I8a4ngpBwasrPiwiMH2Uq_U4OhbIVwTcWRmle8hyh91cflhazN5RCzlMFwE2MFZ6doKHIVzzgK_cFlTIrhMvXtwOZ7jOBzrhX7x8v7VO1G6S0qk78CpAJuEX1O_0msOLINQT2b8UtfWGDH6piFJlT0gZ1N0jNhoTWpbppcZrJYZOsL4-ku720opiM5LJhEOA0eQibSOpmOKxH5oorc5Egp7nDbw30-aYuoTTKQpmJj8aNGULM0eJ14hJVz3oC9cnvYzpCVan9pIC6_RMNtXWegM53lqX5I4FhpllTJPL1jMwQ==&vjs=3&p=4&sk=&fvj=1,"Whitewater, WI",IT Help Desk Technician
https://www.indeed.com/pagead/clk?mo=r&ad=-6NYlbfkN0B896LBw1oz6gj5vW3BQ4b_SxaQldA9eOeasEkE4DKWN6xIUICjj23UPytterw4fPw4TpN1En1b3-sWAyhTkZzG6l0Zi5JB3Ye3Uj0RvxTjKIxL8MRwqBoAkcOI25TKLW_Izwx843VHjlMe8I3ZyYWNFO2AfYNkgwr6lyCZbp3RzD8z8rliWGXw1aSF0zhFyCvdieagd2rxe-hezWxKCi859nCChenMJqCGYjphEc3Bce8jw0_ibXLgFXoYwVLBQ3unU508EBiiNbGTiLIWCQBTT_V6pCCnMHHpCnJe9PS-lhVAp9psf3DfF_zkuHHRiBeWqBpV0QRrFL23RyrMM6SwoC2KUZOwQWxxXT9SPaT8sKVERxjH3ezxori6NbK8zb8kGngg04bnkQL3hwnr-2Tr20jNaYANKAx_VQZCYS9KOg==&vjs=3&p=5&sk=&fvj=1,"Mishawaka, IN",Senior Network Engineer | IT Manager
https://www.indeed.com/pagead/clk?mo=r&ad=-6NYlbfkN0CwPSYXNMU6WDmbw3ofmNAheiH2f4NfZRo7hF9EeKnhP4pxyu8ZF9EVdmBKCc2t6ktbkJI4GdSFOSt6MR_IigBtkwf_TFQJtLUVjWJZl5c_96gd1Tdhie6PCQP7ikmZ0KSf2SLKEGk00lh3oTTktm00w9N_X7sg--_gbQGmJJoVKn7SquW7a1T_SAYJHfGhkNwZ3CAHrxf09MxF6RkBWIuN-pqcjEFGiY9yGlA5xqy4jrBPehz_ifbBMVyvgiICkac-eGWt8cM9RAL7W_Rjgi0lMWDjzPamqVmFCgNMLslL1Ginpbs9C8QJ3CWTksz_kJ7aBaJOZiCmQNX3UmZw1d5UV01x1lvLqnZnfCY3oY87rxBw9WBV0MkpIHk1Dxmxvj8yk3Sdb_6C9jxKeoAowVonfLT89b9WN99pQAc4m_ulmA==&vjs=3&p=1&sk=&fvj=1,"Montgomery, AL",IT Help Desk Technician
https://www.indeed.com/pagead/clk?mo=r&ad=-6NYlbfkN0CT3CvW9jZj7eVRqw-aLZvepit1qJUliowo0WK9ViCnEMQVGpbMh16TpuDVy4CtehZpGNGNP2tCCMgxhtWx28tbvBDfL6KMVQ5Xc1137shTKVo75OtOOH-IhndXPS5wzlvm8pigZCAEKKr0qgw5j-lsRRaFhyJ_vE40I2Xv3w4SSAG8jltB4Ea21lEB3uHgiE5a-UbMFwtWRCfyMxp7Fpz0b9sDXIHwUF7YaIyrI5RsmkGR64rcqB11kdvDcVmTyVDae6i9KPHP3uYpnIex4gbCR64pCWStIjF7_DDhSd8mvXKiKUbZaNI8In6M2O-m_BYUueItT6WPnoqbH4t844KujNbCz73Xsk5YFl2wXN0yjZEgWy9L-96HQM_O3Tm3qY6g851PdjLXX9iDBxZsdjiG26SJyn1p_1hibTajY0yoMQ==&vjs=3&p=2&sk=&fvj=1,"Alpharetta, GA",Director of IT Operations
https://www.indeed.com/pagead/clk?mo=r&ad=-6NYlbfkN0ADl057su13jJlJXGo41FprJw_zufz416IMtB6mRuo3gHHiaa2mZ_8lWfqZR9zOsNoqqhjDI_GcFPwmPbFgvC56B-wBmYcljBXKhaXjjsmzPkyXerRgKmA3bkHj6sWw1hAIxG3dXlBMYjTNmPG5bhCM-gvKyQfQYoX8rh74mNAL5nGzYSrBRJdW3VTh4Y56x5gFmBOetHf9OaMCL3oel76dBqfam7qQ8UdMWTE9jwBzetXbV-kPEvbX98aoSHHSif8fSKkwPjgmmGnmBTq_mGXerGDtSBnkBUps1pTPNGnlimgmOgkU-7CWP1M7EkP-LHjy_Y-9P8iQORz__dOLp0gsMsR3OXdTK9F3H9t7lw6g4S2R8Jo7of-KVhVrwZYCZGGYt75BdtRtHEa7E1KUTnrgiWa0nATMv__bcJmd4sfhAg==&vjs=3&p=3&sk=&fvj=1,"Springfield, IL",Information Technology Technical Associate
https://www.indeed.com/pagead/clk?mo=r&ad=-6NYlbfkN0ApFKr36SAJO9kKeJzt83ArYjFcHI14laxyMxygq0V814XeyCbA2UZ4vMfGBW8v9xibONcBboGuJpSxh160dxltit5XEG20YfSdVD4NmpcMqnbsMOZ-YJEgybfTQeoC2I8a4ngpBwasrPiwiMH2Uq_U4OhbIVwTcWSrwixMUO32oHtfMbQNPRu33Ep4Q8xes8jqqM5ClolNYaOPQyLbiqnhkEZAPSCH9MxMoWpmeBI17VETF4qbO00CVcJ5C3D2c_GxTUJHifgbzk3jSTuWY-gBNZ-4jLwam5He0ykaZ9IVdZugqVhgL97VS47laDt1aXk4hMVyi41NdwqBzZmVus62S4t8owOAQTXmEpl0EaHb9GTTMtVaFh-zh88FPqxEf3Kh6ZqdREELf35Yp0fM8IgpwvuEjWUAhkA1N9twN6MWVA==&vjs=3&p=4&sk=&fvj=1,"Whitewater, WI",IT Help Desk Technician
https://www.indeed.com/pagead/clk?mo=r&ad=-6NYlbfkN0B896LBw1oz6gj5vW3BQ4b_SxaQldA9eOeasEkE4DKWN6xIUICjj23UPytterw4fPw4TpN1En1b3-sWAyhTkZzG6l0Zi5JB3Ye3Uj0RvxTjKIxL8MRwqBoAkcOI25TKLW_Izwx843VHjlMe8I3ZyYWNFO2AfYNkgwo7N0qhURjnnhhGP6CWATqsUpOqKnFp6Rzm9wu8XVnxX8DKpNEidruVZUeIbxldM3l_gHqPRXRMBJ8MFOorV6sTshNFFxH946-xqe5OHVNn6BuXREx3ZE8onvLGBnnrF3yRPDu59dRdMM3wBpiPY3MGe3z4QiLGMdLi60QvQP2lPO_N-TidgQdvkcU1JYineRYfkUXSuxzM_isjvzV94kZivo077cbt36GlbTEAXH051QHhY9w4ySpK5xeHMrBO886GtHETOofiiQ==&vjs=3&p=5&sk=&fvj=1,"Mishawaka, IN",Senior Network Engineer | IT Manager
https://www.indeed.com/pagead/clk?mo=r&ad=-6NYlbfkN0B896LBw1oz6gj5vW3BQ4b_SxaQldA9eOeasEkE4DKWN6xIUICjj23UPytterw4fPw4TpN1En1b3-sWAyhTkZzG6l0Zi5JB3Ye3Uj0RvxTjKIxL8MRwqBoAkcOI25TKLW_Izwx843VHjlMe8I3ZyYWNFO2AfYNkgwof0j_Q7etbJfw2NrTqnr-HvYT2he7tGC6WAEmuZHp3HZTC97DRVp0z_iwdnhKT77cdSc-RgJRuPMB97PhX-TN1OjyamfH8AsAXVnfapGdIe-Hk4rdMQA5joE7GBlDu6Rpf_n87Nw_0p6RnJszB7POQfQlpRkJV95i57ogZ37ifGUezLahVLXUtzbWZs4B6O3MTgU2nqnk3hSIk3rkDau6Dxb0mlVnAwTkg2-r5LR9_MZePWsDY1pV5ArZ64q7NXIVD-3xHwacYrg==&vjs=3&p=1&sk=&fvj=1,"Mishawaka, IN",Senior Network Engineer | IT Manager
https://www.indeed.com/pagead/clk?mo=r&ad=-6NYlbfkN0CVyrilfLrIJqA6wD3cIFYRenQu0sJ-lZiH_Kk0mUaLgbDoUBPUM_wkTH57__Bhxw1mMo-fUyMaMT1LMQ4-qPE24-dSvRSJ6fwZolPErOM4JzxzSBM1cKTgs0EskaeJLm1T7oCVoOm8NS6MltVxj_XcIeKmWD4vR1nyOxlC-NSO3ykFZkEMvscaRlZwggoiakYUu5q4jAzjbRcNEQvKlHcChylbmsIRymC-d4vRBYeU48sBVQCxdFhoVOAccjpCGsLYQlDOIlx-eqzKdTkyI5Bo8e7UE2nVU1IYimKFqYICWn2OgstqPaSIk_hb6zj_C_lJNyhz0M-9tQ0pfZpCd9zjHIHaiXZfcvEJInEYUzrXhRnTIXcm1pvDMlk5NTGUNP5atVIUUMfzBB9gk7foQsPk_o7zDUYuNKU=&vjs=3&p=2&sk=&fvj=1,"Chicago, IL",Entry Level Computer Technician Apprentice
https://www.indeed.com/pagead/clk?mo=r&ad=-6NYlbfkN0CT3CvW9jZj7eVRqw-aLZvepit1qJUliowo0WK9ViCnEMQVGpbMh16TpuDVy4CtehZpGNGNP2tCCMgxhtWx28tbvBDfL6KMVQ5Xc1137shTKVo75OtOOH-IhndXPS5wzlvm8pigZCAEKKr0qgw5j-lsRRaFhyJ_vE7PzjNysXBBW5_jJ7fnLT0ihQjIy8aCu3e4X8_t2UY8hs7my1LGMOIDsn-gdcPspmos7Sui544JOY3EBFX_x5vUTNLnBpixTM25HSwkRyyg5uJi33BP7eFwUY9mqtQ1gButST3n8iQ5F4Zl8jd11sy9tDmpB_wT_9RfaodLl_-Pk4YkQYMlmDgg_AeEmoi2xV8SMsB_HoWGaX2OlNJKl9gE8wogMGkLVs0247Jwu0OK3mj5-vTYhpx5BUbbx10498RoFbOQL0SAYA==&vjs=3&p=3&sk=&fvj=1,"Alpharetta, GA",Director of IT Operations
https://www.indeed.com/pagead/clk?mo=r&ad=-6NYlbfkN0Bt3iLqRxbaYE4yKAyGcnFg-oacJOgdvxfzvmaxBHlUSBnx2ij8fm2JBUxKpZIXAqJJfVCwZ_jQ8hf8fiwzbaBXwv2b0CXho_ROu2bl4qdy-b7SDACI36XjNh6Yjmn-AnzAR4fGH8qzDRBQh1NVm2uX983VXlept-RCnghpEmTgxGTveArvMZmFOVmViqb2-f9W0bCqWtJeIP1CzThXAxr6X5S-KRjZMzER6CoI4YDNddcZ8msppSAaZWKPnL4W42dX0hVXTlY90OJfZ1TkIG0YP-_4JuWxE-E8ZHtxGL9ajxO8qQI2W62P21J4mL3S0I-feZ4fBNTDNyW4HPl677HB_fLPAz_ArlL0TR6U37xgcI3LA9f9GnNwzoOJaXYeV0sDoiC_KZI_cZuBtih1B-Z-6aT4yO9US602b2JD2tB1WA==&vjs=3&p=4&sk=&fvj=1,"Helena, MT",Advanced IT Engineer
https://www.indeed.com/pagead/clk?mo=r&ad=-6NYlbfkN0CwPSYXNMU6WDmbw3ofmNAheiH2f4NfZRo7hF9EeKnhP4pxyu8ZF9EVdmBKCc2t6ktbkJI4GdSFOSt6MR_IigBtkwf_TFQJtLUVjWJZl5c_96gd1Tdhie6PCQP7ikmZ0KSf2SLKEGk00lh3oTTktm004B82eM1DlCw-2Fqt2sf29ODHkcMYy-lvMZXZ1U2MMZc5YnfYenTIb8-ExCpOqNbdGyuoDkPZuKMqM57--UiknufVSTNalZpxg3Hx6nskm6DOg03b9LtKSYVjUkt8OCp7_sMffIDhV1MP5-cAAbzrdQWjp4knddmuVTlNdvZMbEeeIhHhi8eYit4t-dO0AvnOj6-svBw-SWsd1Am41DgMaDvGQWjxxQ_q9hicKPhJMt4HLIQm3olo9jyM1SNVFAKGnOIFkJt7XdsDQar_BTGecg==&vjs=3&p=5&sk=&fvj=1,"Montgomery, AL",IT Help Desk Technician
https://www.indeed.com/pagead/clk?mo=r&ad=-6NYlbfkN0CT3CvW9jZj7eVRqw-aLZvepit1qJUliowo0WK9ViCnEMQVGpbMh16TpuDVy4CtehZpGNGNP2tCCMgxhtWx28tbvBDfL6KMVQ5Xc1137shTKVo75OtOOH-IhndXPS5wzlvm8pigZCAEKKr0qgw5j-lsRRaFhyJ_vE5WTJ9XBh2rPhZLe_UHQtvKEZnYPulHANjNkSF0I4du-22JrH0zqSS2WL6WCZcP5aYTqaaR_PKXkCximybcKt6IEEBJ2lGbXvQQEEbVOp1iUicA-LU_d5an4yaX0LNJ_rn1gNtzGS2Rf4k9g1uN0ZdoHHOQDzvWzGOVKFw7Uh5rXZ7dNA9hjmxEVgRcUQ5DoM1gM3VEHrLceLwJh30zcw9cGujPTIzmkxpzm-AphgW9CJu2XpDBSPfFvn9TMBzofXba4ut7VVD52w==&vjs=3&p=1&sk=&fvj=1,"Alpharetta, GA",Director of IT Operations
https://www.indeed.com/pagead/clk?mo=r&ad=-6NYlbfkN0Bt3iLqRxbaYE4yKAyGcnFg-oacJOgdvxfzvmaxBHlUSBnx2ij8fm2JBUxKpZIXAqJJfVCwZ_jQ8hf8fiwzbaBXwv2b0CXho_ROu2bl4qdy-b7SDACI36XjNh6Yjmn-AnzAR4fGH8qzDRBQh1NVm2uX983VXlept-TC6zp6cNO4E5y2jd6lGDBy4hv2m8knfaX4B4ShawBqrSDTlAAO6WWl1pX11ERlQE8f91pCdbNP55DBxQnxKRql2hkzYs8Y8dOsqibcV3Rh83ieL48CYgaxLcYnh4CbZ4EER30Qf0YwHVjo4VIg0Bl2hRX6f_sZa7HBLwWlIGkYxzMS3NECHN5Xd8O5yduo4FyaPZBVMF3lOJvoH5mAHDsecmgMvEhd9b_XeR9Gv5aduvfmFFoNg6xo5Y34bE1yyeQKeL5WPRQh8w==&vjs=3&p=2&sk=&fvj=1,"Helena, MT",Advanced IT Engineer
https://www.indeed.com/pagead/clk?mo=r&ad=-6NYlbfkN0CwPSYXNMU6WDmbw3ofmNAheiH2f4NfZRo7hF9EeKnhP4pxyu8ZF9EVdmBKCc2t6ktbkJI4GdSFOSt6MR_IigBtkwf_TFQJtLUVjWJZl5c_96gd1Tdhie6PCQP7ikmZ0KSf2SLKEGk00lh3oTTktm004B82eM1DlCxXosFO0-ZHrC4reW_i9WdtjF7gHWsxy6bvQm8FRCsMD6PPXiqgDJzrkCmLpKw9SQ96R3EWB9N5ovjzZz5wI72-hCZXluuTH9Rz8tJCA2UxzPKIYcRX63BCMKjxNzFf0b_uzN_YoZ1-fogV9K5XfGBvq5EwklKu67AujUFQaOaKGxxmyIcbxrou8flXpwecVnd3LNPs5sQxPi5hpT3sgbYRzbaL8t_1vhfMhf2GE7P9tYSOMJsgdj-ZSp4-NuqLrqY10qmfOxvUnQ==&vjs=3&p=3&sk=&fvj=1,"Montgomery, AL",IT Help Desk Technician
https://www.indeed.com/pagead/clk?mo=r&ad=-6NYlbfkN0DHwu1jQshadtDvkhpjkt1b1wzLC3iArG9L85CwjgoJfA1RYBwijDNKkmH2-5PN5Q18ljRBTsi90n6zWzNPCnKHXktBZOhz1TW3KsFCpns2QW6_nkscqdfLVOuOMrhnzbEPa1X0fG6cgfi5U8U5wqiGBbquAeshpV5FdEn9xVzKQu6_QyK92bgqwlQbnA26TIBc_egkdx67ZWmYi43Nqb4waQtTgRwooG7IjWlB-yqUR8ljMyCieynM8nWdxuwJ_7CfV9FwdA4ZfMYNhhkSVzOuZ-1WTodsRUkvHuj5ncBDo9nZPQmk5RCwldGYby7kO_LNYXah5vxsccZjxqAYv6AVZKcL7ZFMJCx1Hr16jOQ_ul2yejEhphV2U95okzFyPTAuN64IYHjsml4CSUEItQDvJ5S_cyPBg_BeGkYp9xHaPhbwg2CwTWXm&vjs=3&p=4&sk=&fvj=0,"Itasca, IL",IT Specialist ($70K 1st yr)
https://www.indeed.com/pagead/clk?mo=r&ad=-6NYlbfkN0CVyrilfLrIJqA6wD3cIFYRenQu0sJ-lZiH_Kk0mUaLgbDoUBPUM_wkTH57__Bhxw1mMo-fUyMaMT1LMQ4-qPE24-dSvRSJ6fwZolPErOM4JzxzSBM1cKTgs0EskaeJLm1T7oCVoOm8NS6MltVxj_XcIeKmWD4vR1kcLvb_pVe16OyZHf44jkW3rRIHbUC5pUpMzclXrEO3S67Hn5KTvnRDwddyEe1-okjqbyqtDOhZOK7Idalu4ZmfSip5JgAkZ4eb_b8khUB7ouGwzSWScYY2VuGSIwpwQflh8KAntfNvCJiq82JufJSYJACQPrpmL41ZaP91RWc1Rc3pLjBTgoNgZnVDOtzG73n69m6c5pCxSNUenF8vGDaRqiFL1EQ9zbrW_UCPRc4VuC12l1ShhIyK_sjI501yhpU=&vjs=3&p=5&sk=&fvj=1,"Chicago, IL",Entry Level Computer Technician Apprentice
https://www.indeed.com/pagead/clk?mo=r&ad=-6NYlbfkN0B896LBw1oz6gj5vW3BQ4b_SxaQldA9eOeasEkE4DKWN6xIUICjj23UPytterw4fPw4TpN1En1b3-sWAyhTkZzG6l0Zi5JB3Ye3Uj0RvxTjKIxL8MRwqBoAkcOI25TKLW_Izwx843VHjlMe8I3ZyYWNFO2AfYNkgwo19JVbGeJ12BRPEpjPDud4JdksfmDJZy3UAMn3UhFfV5hlSE0MMkkTcd--gRy94gKGFuSoqLEBhuEiEt_3dK1McH1LBnKmTY1m6lYXL5QqKYRAEoNmpcOeWk6PDECkxCC1ViF6g58kKBa0PyKSmaKcinyEZKBWnQfusGJGmyiNB3er_L7vh543hQIzUy79bMoiBNo_uROwl05TCjFzOJDwg1XmiaaSfob4RmUk_-9J9qfdqo3djyXTbeMpN4BpqQ77d_Ofdbttsg==&vjs=3&p=6&sk=&fvj=1,"Mishawaka, IN",Senior Network Engineer | IT Manager
https://www.indeed.com/pagead/clk?mo=r&ad=-6NYlbfkN0B896LBw1oz6gj5vW3BQ4b_SxaQldA9eOeasEkE4DKWN6xIUICjj23UPytterw4fPw4TpN1En1b3-sWAyhTkZzG6l0Zi5JB3Ye3Uj0RvxTjKIxL8MRwqBoAkcOI25TKLW_Izwx843VHjlMe8I3ZyYWNFO2AfYNkgwr2EYO8i6dTXFBJ0SGDu-9j25fkaV4q72brL-ogR4Clvvv35nlpYoZ3oorc6K3F8hIvWKoQTgJMzyYU9M2e5ZGVlbtNYLoIcPB-TT-iXwLusPcAWqoI4FDz7XLDEzaD_41vqQYzRZs_bkW1iwtC5OklNJOZLaViWGqLZGfX31xJDCAsrJfwq1SDehPKF04cYGDkqkNAI_YlfD81zYPKZlB7iMA2_oQFO6RYwQJeVIpnptQ1NbmfwdDQWKAcLCphNMeWd45zbJupow==&vjs=3&p=1&sk=&fvj=1,"Mishawaka, IN",Senior Network Engineer | IT Manager
https://www.indeed.com/pagead/clk?mo=r&ad=-6NYlbfkN0ADl057su13jJlJXGo41FprJw_zufz416IMtB6mRuo3gHHiaa2mZ_8lWfqZR9zOsNoqqhjDI_GcFPwmPbFgvC56B-wBmYcljBXKhaXjjsmzPkyXerRgKmA3bkHj6sWw1hAIxG3dXlBMYjTNmPG5bhCMCjV3iIwE53chQiYSXausaQvOuG1eWg1RS_J03sg-_pfhJUoYRG9Q6SBs4p1pe09HVsMNa0aTwdgf_P5_TKS-7UNUd4NasELiiMHshp_dlP3yIWhBYJyxYisle5vdcW_eIZ3i-LgyoiipPkAAzITEN63y3RgFp1Xx3JZ_rwkBz595zcBJr3wtI3ok9pd158VSzGvuihX-HGjNcaWggE9TUZtt_eZQ5qVWeoPyrrf7NKa4l_iM_yR-REXP6Xh0F3tFVweZoMSS9Ci4IofsW11lUA==&vjs=3&p=2&sk=&fvj=1,"Springfield, IL",Information Technology Technical Associate
https://www.indeed.com/pagead/clk?mo=r&ad=-6NYlbfkN0CT3CvW9jZj7eVRqw-aLZvepit1qJUliowo0WK9ViCnEMQVGpbMh16TpuDVy4CtehZpGNGNP2tCCMgxhtWx28tbvBDfL6KMVQ5Xc1137shTKVo75OtOOH-IhndXPS5wzlvm8pigZCAEKKr0qgw5j-lsRRaFhyJ_vE7THDU0-zHnS4thojeoxoRw2-1k0sBKApf3QvJtvMSancH6a2uyEvMYgDz5LAJ-DaqZGFb2uKHfpCfNEQcKs4hxxhHmirxxDad9j8oGlEg26grzDeu6QwsKPs6gktg-UOXAlLrS0f07o5ZQQX6X3zpDR_UxD2OxmjCK1A2YFRuldshZtnB120AlFQpytodHl9WqTfPa41SHq2pC6zjhZE11fO3nHQF_vu0evCrx35IDpv06qtle69J6fqdx8zTRQRoEyktlqBBflQ==&vjs=3&p=3&sk=&fvj=1,"Alpharetta, GA",Director of IT Operations
https://www.indeed.com/pagead/clk?mo=r&ad=-6NYlbfkN0ApFKr36SAJO9kKeJzt83ArYjFcHI14laxyMxygq0V814XeyCbA2UZ4vMfGBW8v9xibONcBboGuJpSxh160dxltit5XEG20YfSdVD4NmpcMqnbsMOZ-YJEgybfTQeoC2I8a4ngpBwasrPiwiMH2Uq_U4OhbIVwTcWT_nbfMiLBII7o9HUOus6wKA4yOpAwfl3zIFZhAuqTyLfIkpHVmhtmDesmMVuYmAHaNr542agWzOh8FJBXrtbLUjitdy3dwNc6wcUbJHCJjswQiGOACUaKWIpZnn_twzDNobCd-MNGkj0VBKycVMBp5C45_nBA1iE85e8cwLsGgcjAbVY5qBd-0ePCaPn6yFa33yUvgLEyZU1BGDg8i941wPidpM5M7J6TlQQlnlx7oYq2IFZFhpy42pW-hbxOXx_eTsefD-sJpnQ==&vjs=3&p=4&sk=&fvj=1,"Whitewater, WI",IT Help Desk Technician
https://www.indeed.com/pagead/clk?mo=r&ad=-6NYlbfkN0CwPSYXNMU6WDmbw3ofmNAheiH2f4NfZRo7hF9EeKnhP4pxyu8ZF9EVdmBKCc2t6ktbkJI4GdSFOSt6MR_IigBtkwf_TFQJtLUVjWJZl5c_96gd1Tdhie6PCQP7ikmZ0KSf2SLKEGk00lh3oTTktm004B82eM1DlCykFoKyKCSxxNGAPCSV744uHCdtT5ZWL9fXRt00EMi4R8aS2W2UsYzesmkNMrJHeaA-Wz77Fjd0WdKKVgKbwm95Um4PAxSdJZ3dzXLxVJiU1qYMN0Q0y18VKYWKCPcYxNIiz18Y1016aPG8zVoXKf0G9DkmZ_rGMzgcs241Df6cCQGTlUuQ68bupdge0NbZwtgdLRN8_tNfbPyY3X-ShuTzlKsC4KoArYQhFRYxs64MavSW0sJGF-kGszrcYM9iuOVpQAUGokGLVA==&vjs=3&p=5&sk=&fvj=1,"Montgomery, AL",IT Help Desk Technician
